CycPeptMPDB_ID,y_true,y_pred,PAMPA,SMILES,Sequence,Sequence_LogP,Sequence_TPSA,Monomer_Length,Monomer_Length_in_Main_Chain,MolWt,HeavyAtomMolWt,ExactMolWt,NumValenceElectrons,qed,MaxPartialCharge,MinPartialCharge,FpDensityMorgan1,FpDensityMorgan2,FpDensityMorgan3,NumHDonors,NumHAcceptors,NumRotatableBonds,NumAromaticRings,RingCount,TPSA,MolLogP,LabuteASA,EPSA,PSA,_3DPSA,residual,abs_residual,split
6113,-5.599999904632568,-6.2120771408081055,-5.6,CC(=O)N1CCC[C@@H]1C(=O)N(C)[C@H](CC(C)C)C(=O)N[C@@H]1C(=O)N[C@@H](CC(C)C)C(=O)N[C@H](CC(C)C)C(=O)N(C)[C@@H](CC(C)C)C(=O)N(C)[C@@H](C)C(=O)N[C@H](CC(C)C)C(=O)N2CCC[C@H]2C(=O)O[C@@H]1C,"['ac-', 'dP', 'Me_dL', 'T', 'L', 'dL', 'meL', 'meA', 'dL', 'P']","[0.2052, 0.2795, 1.1616, -0.1918, 0.8194, 0.8194, 1.1616, 0.1354, 0.8194, 0.2795]","[17.07, 20.31, 20.31, 38.33, 29.1, 29.1, 20.31, 20.31, 29.1, 20.31]",10,7,1016.336,926.624,1015.668155,408,0.184452588,0.328708836,-0.458375098,0.652777778,1.166666667,1.708333333,4,11,14,0,3,244.25,2.6042,428.0611887,,,,-0.6120772361755371,0.6120772361755371,ID
6917,-5.570000171661377,-6.346113681793213,-5.57,CC(=O)N1CCC[C@H]1C(=O)N[C@@H]1C(=O)N[C@H](CC(C)C)C(=O)N[C@H](CC(C)C)C(=O)N(C)[C@H](CC(C)C)C(=O)N[C@@H](CC(C)C)C(=O)N[C@@H](C)C(=O)N[C@@H](CC(C)C)C(=O)N2CCC[C@@H]2C(=O)O[C@@H]1C,"['ac-', 'P', 'T', 'dL', 'dL', 'Me_dL', 'L', 'A', 'L', 'dP']","[0.2052, 0.2795, -0.1918, 0.8194, 0.8194, 1.1616, 0.8194, -0.2068, 0.8194, 0.2795]","[17.07, 20.31, 38.33, 29.1, 29.1, 20.31, 29.1, 29.1, 29.1, 20.31]",10,8,988.282,902.602,987.6368545,396,0.154037887,0.328708836,-0.458375098,0.585714286,1.042857143,1.571428571,6,11,12,0,3,261.83,1.9198,414.9113615,,,,-0.7761135101318359,0.7761135101318359,ID
4631,-4.0,-6.769021987915039,-4.0,CC(C)C[C@@H]1NC(=O)[C@H](C)N(C)C(=O)[C@@H]2CCCN2C(=O)[C@H](Cc2ccccc2)NC(=O)[C@@H](CC(C)C)NC(=O)[C@@H]2CCCN2C(=O)[C@H](CC(C)C)NC1=O,"['P', 'meA', 'L', 'L', 'P', 'dL', 'F']","[0.2795, 0.1354, 0.8194, 0.8194, 0.2795, 0.8194, 1.016]","[20.31, 20.31, 29.1, 29.1, 20.31, 29.1, 29.1]",7,7,765.997,702.493,765.4788974,304,0.3135853,0.245675664,-0.342513904,0.563636364,1.0,1.545454545,4,7,8,1,4,177.33,2.1491,325.7964881,,,,-2.769021987915039,2.769021987915039,ID
4479,-5.840000152587891,-6.52448320388794,-5.84,CC(C)C[C@@H]1NC(=O)[C@@H]2CCCN2C(=O)[C@@H](CC(C)C)NC(=O)[C@@H](CC(C)C)NC(=O)[C@@H](C)NC(=O)[C@@H]2CCCN2C(=O)[C@H](Cc2ccccc2)NC1=O,"['P', 'dA', 'dL', 'dL', 'P', 'L', 'F']","[0.2795, -0.2068, 0.8194, 0.8194, 0.2795, 0.8194, 1.016]","[20.31, 29.1, 29.1, 29.1, 20.31, 29.1, 29.1]",7,7,751.97,690.482,751.4632473,298,0.268210792,0.245675543,-0.342800051,0.537037037,0.944444444,1.444444444,5,7,8,1,4,186.12,1.8069,319.2215745,,,,-0.6844830513000497,0.6844830513000497,ID
6770,-7.550000190734863,-6.351488590240479,-7.55,CC(=O)N1CCC[C@H]1C(=O)N[C@@H]1C(=O)N(C)[C@H](CC(C)C)C(=O)N[C@@H](CC(C)C)C(=O)N[C@@H](CC(C)C)C(=O)N[C@@H](CC(C)C)C(=O)N(C)[C@H](C)C(=O)N[C@@H](CC(C)C)C(=O)N2CCC[C@@H]2C(=O)O[C@@H]1C,"['ac-', 'P', 'T', 'Me_dL', 'L', 'L', 'L', 'Me_dA', 'L', 'dP']","[0.2052, 0.2795, -0.1918, 1.1616, 0.8194, 0.8194, 0.8194, 0.1354, 0.8194, 0.2795]","[17.07, 20.31, 38.33, 20.31, 29.1, 29.1, 29.1, 20.31, 29.1, 20.31]",10,8,1002.309,914.613,1001.652505,402,0.177472713,0.328708837,-0.458374952,0.577464789,1.028169014,1.535211268,5,11,12,0,3,253.04,2.262,421.4862751,,,,1.1985116004943839,1.1985116004943839,ID
6341,-5.929999828338623,-6.5427021980285645,-5.93,CC(=O)N1CCC[C@@H]1C(=O)N(C)[C@@H](CC(C)C)C(=O)N[C@@H]1C(=O)N[C@H](CC(C)C)C(=O)N[C@H](CC(C)C)C(=O)N(C)[C@H](CC(C)C)C(=O)N[C@@H](C)C(=O)N[C@@H](CC(C)C)C(=O)N2CCC[C@H]2C(=O)O[C@@H]1C,"['ac-', 'dP', 'meL', 'T', 'dL', 'dL', 'Me_dL', 'A', 'L', 'P']","[0.2052, 0.2795, 1.1616, -0.1918, 0.8194, 0.8194, 1.1616, -0.2068, 0.8194, 0.2795]","[17.07, 20.31, 20.31, 38.33, 29.1, 29.1, 20.31, 29.1, 29.1, 20.31]",10,7,1002.309,914.613,1001.652505,402,0.157962213,0.328708836,-0.458375098,0.661971831,1.183098592,1.732394366,5,11,14,0,3,253.04,2.262,421.4862751,,,,-0.6127023696899414,0.6127023696899414,ID
6838,-5.119999885559082,-5.711170673370361,-5.12,CC(=O)N1CCC[C@H]1C(=O)N[C@@H]1C(=O)N(C)[C@H](CC(C)C)C(=O)N(C)[C@@H](CC(C)C)C(=O)N(C)[C@H](CC(C)C)C(=O)N(C)[C@@H](CC(C)C)C(=O)N[C@@H](C)C(=O)N[C@@H](CC(C)C)C(=O)N2CCC[C@@H]2C(=O)O[C@@H]1C,"['ac-', 'P', 'T', 'Me_dL', 'meL', 'Me_dL', 'meL', 'A', 'L', 'dP']","[0.2052, 0.2795, -0.1918, 1.1616, 1.1616, 1.1616, 1.1616, -0.2068, 0.8194, 0.2795]","[17.07, 20.31, 38.33, 20.31, 20.31, 20.31, 20.31, 29.1, 29.1, 20.31]",10,8,1030.363,938.635,1029.683805,414,0.240588221,0.328708837,-0.458374952,0.561643836,0.98630137,1.438356164,3,11,12,0,3,235.46,2.9464,434.6361023,,,,-0.5911707878112793,0.5911707878112793,ID
6998,-5.360000133514404,-6.189192771911621,-5.36,CC(=O)N[C@@H]1C(=O)N2CCC[C@H]2C(=O)N(C)[C@H](CC(C)C)C(=O)N[C@@H](CC(C)C)C(=O)N[C@H](CC(C)C)C(=O)N(C)[C@@H](CC(C)C)C(=O)N[C@@H](C)C(=O)N[C@@H](CC(C)C)C(=O)N2CCC[C@@H]2C(=O)O[C@@H]1C,"['ac-', 'T', 'P', 'Me_dL', 'L', 'dL', 'meL', 'A', 'L', 'dP']","[0.2052, -0.1918, 0.2795, 1.1616, 0.8194, 0.8194, 1.1616, -0.2068, 0.8194, 0.2795]","[17.07, 38.33, 20.31, 20.31, 29.1, 29.1, 20.31, 29.1, 29.1, 20.31]",10,9,1002.309,914.613,1001.652505,402,0.187888736,0.328708837,-0.458374961,0.535211268,0.943661972,1.436619718,5,11,11,0,3,253.04,2.262,421.4862751,,,,-0.8291926383972168,0.8291926383972168,ID
3820,-6.570000171661377,-5.951537609100342,-6.57,CC(C)C[C@@H]1NC(=O)[C@H](C)NC(=O)[C@H]2CCCN2C(=O)[C@H](Cc2ccccc2)NC(=O)[C@H](CC(C)C)NC(=O)[C@H]2CCCN2C(=O)[C@H](CC(C)C)NC1=O,"['dP', 'A', 'L', 'L', 'dP', 'L', 'F']","[0.2795, -0.2068, 0.8194, 0.8194, 0.2795, 0.8194, 1.016]","[20.31, 29.1, 29.1, 29.1, 20.31, 29.1, 29.1]",7,7,751.97,690.482,751.4632473,298,0.268210792,0.245675543,-0.342800051,0.537037037,0.944444444,1.444444444,5,7,8,1,4,186.12,1.8069,319.2215745,,,,0.6184625625610352,0.6184625625610352,ID
4167,-5.300000190734863,-5.900684356689453,-5.3,CC(C)C[C@@H]1NC(=O)[C@@H](C)N(C)C(=O)[C@H]2CCCN2C(=O)[C@H](Cc2ccccc2)NC(=O)[C@@H](CC(C)C)N(C)C(=O)[C@@H]2CCCN2C(=O)C[C@H](Cc2ccccc2)NC1=O,"['dP', 'Me_dA', 'L', 'bHph', 'P', 'Me_dL', 'F']","[0.2795, 0.1354, 0.8194, 1.4061, 0.2795, 1.1616, 1.016]","[20.31, 20.31, 29.1, 29.1, 20.31, 20.31, 29.1]",7,7,828.068,762.548,827.4945474,326,0.367874367,0.245675665,-0.350730365,0.583333333,1.1,1.683333333,3,7,8,2,5,168.54,3.078,354.6986117,,,,-0.6006841659545898,0.6006841659545898,ID
5290,-4.909999847412109,-5.735058784484863,-4.91,CCCN1CC(=O)N[C@@H](CC(C)C)C(=O)N(C)[C@H](CC(C)C)C(=O)N2CCC[C@H]2C(=O)N(C)[C@H](CC(C)C)C(=O)N[C@@H](Cc2ccccc2)C(=O)N2CCC[C@H]2C1=O,"['P', 'Pr_Gly', 'L', 'Me_dL', 'P', 'Me_dL', 'F']","[0.2795, 0.5271, 0.8194, 1.1616, 0.2795, 1.1616, 1.016]","[20.31, 20.31, 29.1, 20.31, 20.31, 20.31, 29.1]",7,7,808.078,738.526,807.5258475,322,0.367564368,0.245675665,-0.342747938,0.620689655,1.155172414,1.724137931,2,7,10,1,4,159.75,3.2252,345.3112574,,,,-0.8250589370727539,0.8250589370727539,ID
1283,-7.190000057220459,-6.5027265548706055,-7.19,CCCCCN1CC(=O)N(C)[C@@H](CC(C)C)C(=O)N[C@@H](CCCC)C(=O)N2CCC[C@@H]2C(=O)N(CCCOC(C)C)CC(=O)N[C@@H](Cc2ccc3ccccc3c2)C1=O,"['Nal', 'pentyl_Gly', 'meL', 'Nle', 'dP', 'Mono34']","[2.1692, 1.3073, 1.1616, 0.9635, 0.2795, 0.9322]","[29.1, 20.31, 20.31, 29.1, 20.31, 29.54]",6,6,819.101,748.541,818.5305986,326,0.224686131,0.245461164,-0.378727819,0.762711864,1.457627119,2.152542373,2,7,16,2,4,148.67,5.0823,351.4610583,,,,0.6872735023498535,0.6872735023498535,ID
3320,-5.400000095367432,-6.028139591217041,-5.4,CC(C)C[C@@H]1NC(=O)[C@@H]2CCCN2C(=O)[C@@H](CC(C)C)NC(=O)[C@@H](CC(C)C)NC(=O)[C@@H](C)N(C)C(=O)[C@H](Cc2ccccc2)NC1=O,"['Me_dA', 'dL', 'dL', 'P', 'L', 'F']","[0.1354, 0.8194, 0.8194, 0.2795, 0.8194, 1.016]","[20.31, 29.1, 29.1, 20.31, 29.1, 29.1]",6,6,668.88,612.432,668.4261335,266,0.332769099,0.245407084,-0.342513904,0.645833333,1.125,1.666666667,4,6,8,1,3,157.02,2.1581,285.0562529,,,,-0.6281394958496094,0.6281394958496094,ID
3325,-5.079999923706055,-6.100184440612793,-5.08,CC(C)C[C@@H]1NC(=O)[C@@H]2CCCN2C(=O)[C@@H](CC(C)C)NC(=O)[C@H](CC(C)C)NC(=O)[C@@H](C)N(C)C(=O)[C@H](Cc2ccccc2)NC1=O,"['Me_dA', 'L', 'dL', 'P', 'L', 'F']","[0.1354, 0.8194, 0.8194, 0.2795, 0.8194, 1.016]","[20.31, 29.1, 29.1, 20.31, 29.1, 29.1]",6,6,668.88,612.432,668.4261335,266,0.332769099,0.245407084,-0.342513904,0.645833333,1.125,1.666666667,4,6,8,1,3,157.02,2.1581,285.0562529,,,,-1.0201845169067383,1.0201845169067383,ID
6743,-6.78000020980835,-6.198355197906494,-6.78,CC(=O)N1CCC[C@H]1C(=O)N(C)[C@@H](CC(C)C)C(=O)N[C@@H]1C(=O)N(C)[C@@H](CC(C)C)C(=O)N(C)[C@@H](CC(C)C)C(=O)N[C@H](CC(C)C)C(=O)N(C)[C@H](C)C(=O)N[C@H](CC(C)C)C(=O)N2CCC[C@H]2C(=O)O[C@@H]1C,"['ac-', 'P', 'meL', 'T', 'meL', 'meL', 'dL', 'Me_dA', 'dL', 'P']","[0.2052, 0.2795, 1.1616, -0.1918, 1.1616, 1.1616, 0.8194, 0.1354, 0.8194, 0.2795]","[17.07, 20.31, 20.31, 38.33, 20.31, 20.31, 29.1, 20.31, 29.1, 20.31]",10,7,1030.363,938.635,1029.683805,414,0.214139105,0.328708837,-0.458374952,0.643835616,1.150684932,1.684931507,3,11,14,0,3,235.46,2.9464,434.6361023,,,,0.5816450119018555,0.5816450119018555,ID
6255,-5.460000038146973,-6.099329471588135,-5.46,CC(=O)N1CCC[C@@H]1C(=O)N(C)[C@H](CC(C)C)C(=O)N[C@@H]1C(=O)N(C)[C@H](CC(C)C)C(=O)N(C)[C@H](CC(C)C)C(=O)N[C@@H](CC(C)C)C(=O)N[C@@H](C)C(=O)N[C@H](CC(C)C)C(=O)N2CCC[C@@H]2C(=O)O[C@@H]1C,"['ac-', 'dP', 'Me_dL', 'T', 'Me_dL', 'Me_dL', 'L', 'A', 'dL', 'dP']","[0.2052, 0.2795, 1.1616, -0.1918, 1.1616, 1.1616, 0.8194, -0.2068, 0.8194, 0.2795]","[17.07, 20.31, 20.31, 38.33, 20.31, 20.31, 29.1, 29.1, 29.1, 20.31]",10,7,1016.336,926.624,1015.668155,408,0.184452588,0.328708837,-0.458374952,0.652777778,1.180555556,1.736111111,4,11,14,0,3,244.25,2.6042,428.0611887,,,,-0.6393294334411621,0.6393294334411621,ID
1820,-8.270000457763672,-5.872376918792725,-8.27,CCCC[C@@H]1NC(=O)[C@@H](CC(C)C)NC(=O)CN(CC2CCCCC2)C(=O)[C@@H](Cc2ccccc2)NC(=O)CN(Cc2ccc3c(c2)OCO3)C(=O)[C@H]2CCCN2C1=O,"['dF', 'cHexCH2_Gly', 'dL', 'Nle', 'dP', 'Mono1']","[1.016, 1.6974, 0.8194, 0.9635, 0.2795, 1.046]","[29.1, 20.31, 29.1, 29.1, 20.31, 38.77]",6,6,815.025,752.529,814.4629129,320,0.30536671,0.245647149,-0.453595475,0.711864407,1.423728814,2.152542373,3,8,11,2,6,166.69,4.0908,347.6335731,,,,2.3976235389709473,2.3976235389709473,ID
5797,-6.929999828338623,-6.188337326049805,-6.93,CC(=O)N1CCC[C@H]1C(=O)N(C)[C@@H](CC(C)C)C(=O)N[C@@H]1C(=O)N[C@H](CC(C)C)C(=O)N(C)[C@H](CC(C)C)C(=O)N[C@H](CC(C)C)C(=O)N(C)[C@H](C)C(=O)N[C@H](CC(C)C)C(=O)N2CCC[C@@H]2C(=O)O[C@@H]1C,"['ac-', 'P', 'meL', 'T', 'dL', 'Me_dL', 'dL', 'Me_dA', 'dL', 'dP']","[0.2052, 0.2795, 1.1616, -0.1918, 0.8194, 1.1616, 0.8194, 0.1354, 0.8194, 0.2795]","[17.07, 20.31, 20.31, 38.33, 29.1, 20.31, 29.1, 20.31, 29.1, 20.31]",10,7,1016.336,926.624,1015.668155,408,0.184452588,0.328708836,-0.458375098,0.652777778,1.138888889,1.652777778,4,11,14,0,3,244.25,2.6042,428.0611887,,,,0.7416625022888184,0.7416625022888184,ID
2348,-5.090000152587891,-5.641403675079346,-5.09,CC(C)C[C@@H]1NC(=O)[C@H](Cc2ccc(O)cc2)NC(=O)[C@H]2CCCN2C(=O)[C@H](CC(C)C)NC(=O)[C@H](CC2CCCCC2)NC(=O)[C@@H](CC(C)C)NC1=O,"['L', 'dL', 'Cha', 'L', 'dP', 'Y']","[0.8194, 0.8194, 1.7437, 0.8194, 0.2795, 0.7216]","[29.1, 29.1, 29.1, 29.1, 20.31, 49.33]",6,6,752.998,688.486,752.4836484,300,0.21135245,0.245339625,-0.507966645,0.574074074,1.037037037,1.592592593,6,7,10,1,4,186.04,3.472,320.4593946,,,,-0.5514035224914551,0.5514035224914551,ID
2936,-6.769999980926514,-6.143155574798584,-6.77,CC(C)C[C@H]1NC(=O)[C@@H](C)NC(=O)[C@H](Cc2ccccc2)NC(=O)[C@@H](CC(C)C)N(C)C(=O)[C@@H]2CCCN2C(=O)[C@@H](CC(C)C)NC1=O,"['dA', 'dL', 'dL', 'P', 'Me_dL', 'F']","[-0.2068, 0.8194, 0.8194, 0.2795, 1.1616, 1.016]","[29.1, 29.1, 29.1, 20.31, 20.31, 29.1]",6,6,668.88,612.432,668.4261335,266,0.332769099,0.245339746,-0.342796072,0.666666667,1.208333333,1.8125,4,6,8,1,3,157.02,2.1581,285.0562529,,,,0.6268444061279297,0.6268444061279297,ID
4381,-7.179999828338623,-6.480129718780518,-7.18,CC(C)C[C@H]1C(=O)N[C@@H](Cc2ccccc2)CC(=O)N2CCC[C@@H]2C(=O)N(Cc2ccccc2)CC(=O)N[C@@H](Cc2ccccc2)C(=O)N2CCC[C@@H]2C(=O)N(C)[C@H](C)C(=O)N1C,"['dP', 'Me_dA', 'meL', 'bHph', 'dP', 'Bn_Gly', 'F']","[0.2795, 0.1354, 1.1616, 1.4061, 0.2795, 1.3173, 1.016]","[20.31, 20.31, 20.31, 29.1, 20.31, 20.31, 29.1]",7,7,862.085,798.581,861.4788974,336,0.350639061,0.245675462,-0.35072394,0.619047619,1.158730159,1.746031746,2,7,8,3,6,159.75,3.5759,370.870851,,,,0.6998701095581055,0.6998701095581055,ID
6036,-9.0,-4.956429958343506,-9.0,CC(=O)N1CCC[C@H]1C(=O)N(C)[C@H](CC(C)C)C(=O)N[C@@H]1C(=O)N(C)[C@H](CC(C)C)C(=O)N(C)[C@H](CC(C)C)C(=O)N(C)[C@H](CC(C)C)C(=O)N[C@@H](C)C(=O)N[C@H](CC(C)C)C(=O)N2CCC[C@H]2C(=O)O[C@@H]1C,"['ac-', 'P', 'Me_dL', 'T', 'Me_dL', 'Me_dL', 'Me_dL', 'A', 'dL', 'P']","[0.2052, 0.2795, 1.1616, -0.1918, 1.1616, 1.1616, 1.1616, -0.2068, 0.8194, 0.2795]","[17.07, 20.31, 20.31, 38.33, 20.31, 20.31, 20.31, 29.1, 29.1, 20.31]",10,7,1030.363,938.635,1029.683805,414,0.214139105,0.328708837,-0.458374952,0.643835616,1.136986301,1.643835616,3,11,14,0,3,235.46,2.9464,434.6361023,,,,4.043570041656494,4.043570041656494,ID
1404,-6.320000171661377,-6.952861309051514,-6.32,CCCC[C@@H]1NC(=O)[C@H](CC(C)C)N(C)C(=O)CN(CCCc2cnn(C)c2)C(=O)[C@H](Cc2ccccc2)NC(=O)CN(CCCCc2ccccc2)C(=O)[C@H]2CCCN2C1=O,"['F', 'Mono40', 'meL', 'Nle', 'dP', 'Mono43']","[1.016, 0.4834, 1.1616, 0.9635, 0.2795, 2.14]","[29.1, 38.13, 20.31, 29.1, 20.31, 20.31]",6,6,853.122,784.578,852.5261819,336,0.203599045,0.245461339,-0.342506689,0.725806452,1.387096774,2.048387097,2,8,16,3,5,157.26,4.313,367.2924441,,,,-0.6328611373901367,0.6328611373901367,ID
2892,-5.389999866485596,-6.004086971282959,-5.39,CC(C)C[C@H]1NC(=O)[C@H](C)NC(=O)[C@H](Cc2ccccc2)NC(=O)CN(Cc2ccccc2)C(=O)[C@@H]2CCCN2C(=O)[C@@H](CC(C)C)N(C)C1=O,"['A', 'dL', 'Me_dL', 'P', 'Bn_Gly', 'F']","[-0.2068, 0.8194, 1.1616, 0.2795, 1.3173, 1.016]","[29.1, 29.1, 20.31, 20.31, 20.31, 29.1]",6,6,702.897,648.465,702.4104834,276,0.385624152,0.245647132,-0.342796073,0.705882353,1.31372549,1.921568627,3,6,8,2,4,148.23,2.656,301.2284923,,,,-0.6140871047973633,0.6140871047973633,ID
6692,-6.590000152587891,-7.200911045074463,-6.59,CC(=O)N1CCC[C@H]1C(=O)N(C)[C@@H](CC(C)C)C(=O)N[C@@H]1C(=O)N[C@@H](CC(C)C)C(=O)N[C@@H](CC(C)C)C(=O)N[C@@H](CC(C)C)C(=O)N[C@@H](C)C(=O)N[C@H](CC(C)C)C(=O)N2CCC[C@H]2C(=O)O[C@@H]1C,"['ac-', 'P', 'meL', 'T', 'L', 'L', 'L', 'A', 'dL', 'P']","[0.2052, 0.2795, 1.1616, -0.1918, 0.8194, 0.8194, 0.8194, -0.2068, 0.8194, 0.2795]","[17.07, 20.31, 20.31, 38.33, 29.1, 29.1, 29.1, 29.1, 29.1, 20.31]",10,7,988.282,902.602,987.6368545,396,0.1371037,0.328708836,-0.458375098,0.628571429,1.085714286,1.571428571,6,11,14,0,3,261.83,1.9198,414.9113615,,,,-0.6109108924865723,0.6109108924865723,ID
4096,-5.78000020980835,-6.459047794342041,-5.78,CC(C)C[C@H]1NC(=O)[C@@H](C)N(C)C(=O)[C@H]2CCCN2C(=O)[C@H](Cc2ccccc2)NC(=O)[C@@H](CC(C)C)N(C)C(=O)[C@@H]2CCCN2C(=O)[C@@H](CC(C)C)NC1=O,"['dP', 'Me_dA', 'dL', 'dL', 'P', 'Me_dL', 'F']","[0.2795, 0.1354, 0.8194, 0.8194, 0.2795, 1.1616, 1.016]","[20.31, 20.31, 29.1, 29.1, 20.31, 20.31, 29.1]",7,7,780.024,714.504,779.4945474,310,0.364593432,0.245675665,-0.342513904,0.571428571,1.035714286,1.571428571,3,7,8,1,4,168.54,2.4913,332.3714017,,,,-0.6790475845336914,0.6790475845336914,ID
3257,-5.079999923706055,-5.901092052459717,-5.08,CC(C)C[C@H]1C(=O)N(C)[C@@H](CC(C)C)C(=O)N2CCC[C@H]2C(=O)N[C@H](CC(C)C)C(=O)N[C@@H](Cc2ccccc2)C(=O)N(C)[C@@H](C)C(=O)N1C,"['meA', 'meL', 'meL', 'P', 'dL', 'F']","[0.1354, 1.1616, 1.1616, 0.2795, 0.8194, 1.016]","[20.31, 20.31, 20.31, 20.31, 29.1, 29.1]",6,6,696.934,636.454,696.4574336,278,0.428942001,0.245555443,-0.342504271,0.64,1.16,1.72,2,6,8,1,3,139.44,2.8425,298.2060801,,,,-0.8210921287536621,0.8210921287536621,ID
6769,-7.320000171661377,-6.754294872283936,-7.32,CC(=O)N1CCC[C@H]1C(=O)N[C@@H]1C(=O)N(C)[C@H](CC(C)C)C(=O)N[C@@H](CC(C)C)C(=O)N[C@@H](CC(C)C)C(=O)N[C@@H](CC(C)C)C(=O)N[C@H](C)C(=O)N[C@@H](CC(C)C)C(=O)N2CCC[C@@H]2C(=O)O[C@@H]1C,"['ac-', 'P', 'T', 'Me_dL', 'L', 'L', 'L', 'dA', 'L', 'dP']","[0.2052, 0.2795, -0.1918, 1.1616, 0.8194, 0.8194, 0.8194, -0.2068, 0.8194, 0.2795]","[17.07, 20.31, 38.33, 20.31, 29.1, 29.1, 29.1, 29.1, 29.1, 20.31]",10,8,988.282,902.602,987.6368545,396,0.154037887,0.328708837,-0.458374952,0.585714286,1.028571429,1.514285714,6,11,12,0,3,261.83,1.9198,414.9113615,,,,0.5657052993774405,0.5657052993774405,ID
1762,-4.860000133514404,-5.445190906524658,-4.86,CCCCCN1CC(=O)N(C)[C@H](CC(C)C)C(=O)N[C@@H](CCCC)C(=O)N2CCC[C@H]2C(=O)N(CCCOC(C)C)CC(=O)N[C@H](Cc2ccccc2)C1=O,"['dF', 'pentyl_Gly', 'Me_dL', 'Nle', 'P', 'Mono34']","[1.016, 1.3073, 1.1616, 0.9635, 0.2795, 0.9322]","[29.1, 20.31, 20.31, 29.1, 20.31, 29.54]",6,6,769.041,700.497,768.5149485,308,0.242430905,0.245461161,-0.378727819,0.781818182,1.454545455,2.109090909,2,7,16,1,3,148.67,3.9291,328.7793938,,,,-0.5851907730102539,0.5851907730102539,ID
6787,-5.820000171661377,-6.690535545349121,-5.82,CC(=O)N1CCC[C@H]1C(=O)N[C@@H]1C(=O)N(C)[C@H](CC(C)C)C(=O)N[C@H](CC(C)C)C(=O)N[C@@H](CC(C)C)C(=O)N[C@H](CC(C)C)C(=O)N(C)[C@@H](C)C(=O)N[C@@H](CC(C)C)C(=O)N2CCC[C@@H]2C(=O)O[C@@H]1C,"['ac-', 'P', 'T', 'Me_dL', 'dL', 'L', 'dL', 'meA', 'L', 'dP']","[0.2052, 0.2795, -0.1918, 1.1616, 0.8194, 0.8194, 0.8194, 0.1354, 0.8194, 0.2795]","[17.07, 20.31, 38.33, 20.31, 29.1, 29.1, 29.1, 20.31, 29.1, 20.31]",10,8,1002.309,914.613,1001.652505,402,0.177472713,0.328708837,-0.458374952,0.577464789,1.028169014,1.535211268,5,11,12,0,3,253.04,2.262,421.4862751,,,,-0.8705353736877441,0.8705353736877441,ID
4528,-6.320000171661377,-5.672781944274902,-6.32,CC(C)C[C@H]1C(=O)N(Cc2ccccc2)CC(=O)N2CCC[C@H]2C(=O)N[C@H](CC(C)C)C(=O)N[C@@H](Cc2ccccc2)C(=O)N2CCC[C@H]2C(=O)N[C@H](C)C(=O)N1C,"['P', 'dA', 'meL', 'Bn_Gly', 'P', 'dL', 'F']","[0.2795, -0.2068, 1.1616, 1.3173, 0.2795, 0.8194, 1.016]","[20.31, 29.1, 20.31, 20.31, 20.31, 29.1, 29.1]",7,7,800.014,738.526,799.4632473,314,0.369231058,0.245675543,-0.342792017,0.620689655,1.155172414,1.75862069,3,7,8,2,5,168.54,2.647,341.9687275,,,,0.6472182273864746,0.6472182273864746,ID
2958,-6.489999771118164,-5.43727445602417,-6.49,CC(C)C[C@H]1C(=O)N2CCC[C@H]2C(=O)N(C)[C@H](CC(C)C)C(=O)N[C@@H](Cc2ccccc2)C(=O)N[C@H](C)C(=O)N[C@H](CC(C)C)C(=O)N1C,"['dA', 'dL', 'meL', 'P', 'Me_dL', 'F']","[-0.2068, 0.8194, 1.1616, 0.2795, 1.1616, 1.016]","[29.1, 29.1, 20.31, 20.31, 20.31, 29.1]",6,6,682.907,624.443,682.4417836,272,0.384082711,0.245555563,-0.342796072,0.653061224,1.204081633,1.795918367,3,6,8,1,3,148.23,2.5003,291.6311665,,,,1.0527253150939941,1.0527253150939941,ID
3428,-6.190000057220459,-5.637841701507568,-6.19,CC(C)C[C@@H]1NC(=O)[C@H](C)N(C)C(=O)[C@H](Cc2ccccc2)NC(=O)[C@@H](CC(C)C)NC(=O)[C@H]2CCCN2C(=O)[C@H](CC(C)C)N(C)C1=O,"['meA', 'L', 'meL', 'dP', 'dL', 'F']","[0.1354, 0.8194, 1.1616, 0.2795, 0.8194, 1.016]","[20.31, 29.1, 20.31, 20.31, 29.1, 29.1]",6,6,682.907,624.443,682.4417836,272,0.384082711,0.245555442,-0.342505861,0.653061224,1.183673469,1.775510204,3,6,8,1,3,148.23,2.5003,291.6311665,,,,0.5521583557128906,0.5521583557128906,ID
6594,-5.980000019073486,-5.359753131866455,-5.98,CC(=O)N1CCC[C@H]1C(=O)N(C)[C@H](CC(C)C)C(=O)N[C@@H]1C(=O)N(C)[C@H](CC(C)C)C(=O)N(C)[C@H](CC(C)C)C(=O)N[C@H](CC(C)C)C(=O)N(C)[C@@H](C)C(=O)N[C@@H](CC(C)C)C(=O)N2CCC[C@@H]2C(=O)O[C@@H]1C,"['ac-', 'P', 'Me_dL', 'T', 'Me_dL', 'Me_dL', 'dL', 'meA', 'L', 'dP']","[0.2052, 0.2795, 1.1616, -0.1918, 1.1616, 1.1616, 0.8194, 0.1354, 0.8194, 0.2795]","[17.07, 20.31, 20.31, 38.33, 20.31, 20.31, 29.1, 20.31, 29.1, 20.31]",10,7,1030.363,938.635,1029.683805,414,0.214139105,0.328708837,-0.458374952,0.643835616,1.150684932,1.684931507,3,11,14,0,3,235.46,2.9464,434.6361023,,,,0.6202468872070312,0.6202468872070312,ID
5324,-5.400000095367432,-6.134887218475342,-5.4,CCCN1CC(=O)N(C)[C@H](CC(C)C)C(=O)N[C@@H](Cc2ccccc2)CC(=O)N2CCC[C@H]2C(=O)N[C@H](CC(C)C)C(=O)N[C@@H](Cc2ccccc2)C(=O)N2CCC[C@H]2C1=O,"['P', 'Pr_Gly', 'Me_dL', 'bHph', 'P', 'dL', 'F']","[0.2795, 0.5271, 1.1616, 1.4061, 0.2795, 0.8194, 1.016]","[20.31, 20.31, 20.31, 29.1, 20.31, 29.1, 29.1]",7,7,842.095,774.559,841.5101975,332,0.329491408,0.245675664,-0.350723941,0.62295082,1.196721311,1.803278689,3,7,10,2,5,168.54,3.4697,361.0635538,,,,-0.7348871231079102,0.7348871231079102,ID
4109,-5.289999961853027,-6.006362438201904,-5.29,CC(C)C[C@@H]1NC(=O)[C@@H](C)N(C)C(=O)[C@H]2CCCN2C(=O)[C@H](Cc2ccccc2)NC(=O)[C@@H](CC(C)C)N(C)C(=O)[C@@H]2CCCN2C(=O)[C@H](CC(C)C)NC1=O,"['dP', 'Me_dA', 'L', 'L', 'P', 'Me_dL', 'F']","[0.2795, 0.1354, 0.8194, 0.8194, 0.2795, 1.1616, 1.016]","[20.31, 20.31, 29.1, 29.1, 20.31, 20.31, 29.1]",7,7,780.024,714.504,779.4945474,310,0.364593432,0.245675665,-0.342513904,0.571428571,1.035714286,1.571428571,3,7,8,1,4,168.54,2.4913,332.3714017,,,,-0.716362476348877,0.716362476348877,ID
5793,-6.110000133514404,-5.496836185455322,-6.11,CC(=O)N1CCC[C@H]1C(=O)N(C)[C@@H](CC(C)C)C(=O)N[C@@H]1C(=O)N[C@H](CC(C)C)C(=O)N(C)[C@@H](CC(C)C)C(=O)N(C)[C@@H](CC(C)C)C(=O)N[C@@H](C)C(=O)N[C@H](CC(C)C)C(=O)N2CCC[C@@H]2C(=O)O[C@@H]1C,"['ac-', 'P', 'meL', 'T', 'dL', 'meL', 'meL', 'A', 'dL', 'dP']","[0.2052, 0.2795, 1.1616, -0.1918, 0.8194, 1.1616, 1.1616, -0.2068, 0.8194, 0.2795]","[17.07, 20.31, 20.31, 38.33, 29.1, 20.31, 20.31, 29.1, 29.1, 20.31]",10,7,1016.336,926.624,1015.668155,408,0.184452588,0.328708836,-0.458375098,0.652777778,1.166666667,1.708333333,4,11,14,0,3,244.25,2.6042,428.0611887,,,,0.613163948059082,0.613163948059082,ID
5180,-6.289999961853027,-5.7022318840026855,-6.29,CC(C)C[C@@H]1NC(=O)C[C@H](Cc2ccccc2)NC(=O)[C@@H]2CCCN2C(=O)[C@H](Cc2ccccc2)NC(=O)[C@H](CC(C)C)NC(=O)[C@@H]2CCCN2C(=O)[C@@H](CC(C)C)NC1=O,"['P', 'bHph', 'L', 'dL', 'P', 'L', 'F']","[0.2795, 1.4061, 0.8194, 0.8194, 0.2795, 0.8194, 1.016]","[20.31, 29.1, 29.1, 29.1, 20.31, 29.1, 29.1]",7,7,842.095,774.559,841.5101975,332,0.242759323,0.245675542,-0.350724029,0.491803279,0.901639344,1.409836066,5,7,10,2,5,186.12,3.4198,360.6436108,,,,0.5877680778503418,0.5877680778503418,ID
1494,-6.510000228881836,-5.951422214508057,-6.51,CCCC[C@@H]1NC(=O)[C@H](CC(C)C)N(C)C(=O)CN(CCOC)C(=O)[C@H](C)NC(=O)CN(Cc2ccccc2Cn2cccn2)C(=O)[C@H]2CCCN2C1=O,"['A', 'MeOEt_Gly', 'meL', 'Nle', 'dP', 'Mono45']","[-0.2068, -0.2365, 1.1616, 0.9635, 0.2795, 1.5621]","[29.1, 29.54, 20.31, 29.1, 20.31, 38.13]",6,6,750.942,692.478,750.4428462,296,0.331586487,0.245647302,-0.38285076,0.925925926,1.648148148,2.296296296,2,9,12,2,4,166.49,1.7924,318.2540688,,,,0.5585780143737793,0.5585780143737793,ID
6467,-6.099999904632568,-5.337273120880127,-6.1,CC(=O)N1CCC[C@@H]1C(=O)N(C)[C@@H](CC(C)C)C(=O)N[C@@H]1C(=O)N(C)[C@H](CC(C)C)C(=O)N(C)[C@@H](CC(C)C)C(=O)N(C)[C@H](CC(C)C)C(=O)N(C)[C@@H](C)C(=O)N[C@@H](CC(C)C)C(=O)N2CCC[C@@H]2C(=O)O[C@@H]1C,"['ac-', 'dP', 'meL', 'T', 'Me_dL', 'meL', 'Me_dL', 'meA', 'L', 'dP']","[0.2052, 0.2795, 1.1616, -0.1918, 1.1616, 1.1616, 1.1616, 0.1354, 0.8194, 0.2795]","[17.07, 20.31, 20.31, 38.33, 20.31, 20.31, 20.31, 20.31, 29.1, 20.31]",10,7,1044.39,950.646,1043.699455,420,0.240233346,0.328708837,-0.458374952,0.635135135,1.094594595,1.554054054,2,11,14,0,3,226.67,3.2886,441.2110159,,,,0.7627267837524414,0.7627267837524414,ID
6476,-5.139999866485596,-5.713546276092529,-5.14,CC(=O)N1CCC[C@H]1C(=O)N(C)[C@H](CC(C)C)C(=O)N[C@@H]1C(=O)N[C@@H](CC(C)C)C(=O)N[C@@H](CC(C)C)C(=O)N[C@H](CC(C)C)C(=O)N(C)[C@@H](C)C(=O)N[C@@H](CC(C)C)C(=O)N2CCC[C@H]2C(=O)O[C@@H]1C,"['ac-', 'P', 'Me_dL', 'T', 'L', 'L', 'dL', 'meA', 'L', 'P']","[0.2052, 0.2795, 1.1616, -0.1918, 0.8194, 0.8194, 0.8194, 0.1354, 0.8194, 0.2795]","[17.07, 20.31, 20.31, 38.33, 29.1, 29.1, 29.1, 20.31, 29.1, 20.31]",10,7,1002.309,914.613,1001.652505,402,0.157962213,0.328708836,-0.458375098,0.647887324,1.112676056,1.61971831,5,11,14,0,3,253.04,2.262,421.4862751,,,,-0.5735464096069336,0.5735464096069336,ID
5106,-4.889999866485596,-5.816229820251465,-4.89,CCCN1CC(=O)N(C)[C@H](CC(C)C)C(=O)N(C)[C@H](CC(C)C)C(=O)N2CCC[C@@H]2C(=O)N[C@H](CC(C)C)C(=O)N[C@@H](Cc2ccccc2)C(=O)N2CCC[C@@H]2C1=O,"['dP', 'Pr_Gly', 'Me_dL', 'Me_dL', 'dP', 'dL', 'F']","[0.2795, 0.5271, 1.1616, 1.1616, 0.2795, 0.8194, 1.016]","[20.31, 20.31, 20.31, 20.31, 20.31, 29.1, 29.1]",7,7,808.078,738.526,807.5258475,322,0.367564368,0.245675664,-0.342504271,0.620689655,1.155172414,1.724137931,2,7,10,1,4,159.75,3.2252,345.3112574,,,,-0.9262299537658691,0.9262299537658691,ID
4194,-6.940000057220459,-6.1950364112854,-6.94,CC(C)C[C@@H]1NC(=O)[C@H]2CCCN2C(=O)[C@H](CC(C)C)N(C)C(=O)[C@@H](CC(C)C)NC(=O)[C@H](C)N(C)C(=O)[C@H]2CCCN2C(=O)[C@H](Cc2ccccc2)NC1=O,"['dP', 'meA', 'dL', 'meL', 'dP', 'L', 'F']","[0.2795, 0.1354, 0.8194, 1.1616, 0.2795, 0.8194, 1.016]","[20.31, 20.31, 29.1, 20.31, 20.31, 29.1, 29.1]",7,7,780.024,714.504,779.4945474,310,0.364593432,0.245675664,-0.342505861,0.571428571,1.089285714,1.678571429,3,7,8,1,4,168.54,2.4913,332.3714017,,,,0.7449636459350586,0.7449636459350586,ID
1250,-8.949999809265137,-8.343179702758789,-8.95,CCCC[C@@H]1NC(=O)[C@H](CC(C)C)N(C)C(=O)CN(CCCc2ccccc2)C(=O)[C@H](Cc2ccc3ccccc3c2)NC(=O)CN(CC(C)C)C(=O)[C@H]2CCCN2C1=O,"['Nal', 'PhPr_Gly', 'meL', 'Nle', 'dP', 'iBu_Gly']","[2.1692, 1.7499, 1.1616, 0.9635, 0.2795, 0.7731]","[29.1, 20.31, 20.31, 29.1, 20.31, 20.31]",6,6,823.092,756.564,822.5043838,324,0.238105356,0.245461342,-0.342506689,0.716666667,1.433333333,2.133333333,2,6,13,3,5,139.44,5.3658,355.9448389,,,,0.6068201065063477,0.6068201065063477,ID
2325,-5.260000228881836,-5.960816860198975,-5.26,CC(C)C[C@@H]1NC(=O)[C@H](Cc2ccc(O)cc2)N(C)C(=O)[C@H]2CCCN2C(=O)[C@H](CC(C)C)NC(=O)[C@H](CC(C)C)N(C)C(=O)[C@@H](C)N(C)C1=O,"['L', 'Me_dA', 'meL', 'L', 'dP', 'meY']","[0.8194, 0.1354, 1.1616, 0.8194, 0.2795, 1.0638]","[29.1, 20.31, 20.31, 29.1, 20.31, 40.54]",6,6,712.933,652.453,712.4523483,284,0.373767819,0.245339747,-0.507966645,0.666666667,1.156862745,1.68627451,3,7,8,1,3,159.67,2.5481,303.0003139,,,,-0.7008166313171387,0.7008166313171387,ID
3697,-6.059999942779541,-5.45682954788208,-6.06,CC(C)C[C@H]1C(=O)N(C)[C@@H](CC(C)C)C(=O)N2CCC[C@H]2C(=O)N(C)[C@H](CC(C)C)C(=O)N[C@@H](Cc2ccccc2)C(=O)N2CCC[C@@H]2C(=O)N[C@@H](C)C(=O)N1C,"['dP', 'A', 'meL', 'meL', 'P', 'Me_dL', 'F']","[0.2795, -0.2068, 1.1616, 1.1616, 0.2795, 1.1616, 1.016]","[20.31, 29.1, 20.31, 20.31, 20.31, 20.31, 29.1]",7,7,794.051,726.515,793.5101975,316,0.409836501,0.245675544,-0.342792017,0.561403509,1.035087719,1.596491228,2,7,8,1,4,159.75,2.8335,338.9463153,,,,0.6031703948974609,0.6031703948974609,ID
2363,-6.340000152587891,-4.9484381675720215,-6.34,CC(C)C[C@@H]1NC(=O)[C@H](CC(C)C)N(C)C(=O)[C@@H](CC(C)C)N(C)C(=O)[C@H](CC(C)C)NC(=O)[C@H](Cc2ccccc2)N(C)C(=O)[C@@H](C)N(C)C1=O,"['L', 'Me_dL', 'meL', 'L', 'Me_dA', 'meF']","[0.8194, 1.1616, 1.1616, 0.8194, 0.1354, 1.3582]","[29.1, 20.31, 20.31, 29.1, 20.31, 20.31]",6,6,727.004,660.476,726.5043838,292,0.377147639,0.245297048,-0.342496278,0.5,0.884615385,1.346153846,2,6,10,1,2,139.44,3.7246,311.9417955,,,,1.3915619850158691,1.3915619850158691,ID
3080,-5.840000152587891,-5.209657192230225,-5.84,CC(C)C[C@H]1C(=O)N(C)[C@H](CC(C)C)C(=O)N2CCC[C@@H]2C(=O)N(C)[C@H](CC(C)C)C(=O)N[C@@H](Cc2ccccc2)C(=O)N[C@@H](C)C(=O)N1C,"['A', 'meL', 'Me_dL', 'dP', 'Me_dL', 'F']","[-0.2068, 1.1616, 1.1616, 0.2795, 1.1616, 1.016]","[29.1, 20.31, 20.31, 20.31, 20.31, 29.1]",6,6,696.934,636.454,696.4574336,278,0.428942001,0.245555564,-0.342788038,0.64,1.14,1.7,2,6,8,1,3,139.44,2.8425,298.2060801,,,,0.630342960357666,0.630342960357666,ID
6818,-6.920000076293945,-5.936206817626953,-6.92,CC(=O)N1CCC[C@H]1C(=O)N[C@@H]1C(=O)N(C)[C@H](CC(C)C)C(=O)N[C@H](CC(C)C)C(=O)N(C)[C@H](CC(C)C)C(=O)N(C)[C@H](CC(C)C)C(=O)N[C@@H](C)C(=O)N[C@@H](CC(C)C)C(=O)N2CCC[C@@H]2C(=O)O[C@@H]1C,"['ac-', 'P', 'T', 'Me_dL', 'dL', 'Me_dL', 'Me_dL', 'A', 'L', 'dP']","[0.2052, 0.2795, -0.1918, 1.1616, 0.8194, 1.1616, 1.1616, -0.2068, 0.8194, 0.2795]","[17.07, 20.31, 38.33, 20.31, 29.1, 20.31, 20.31, 29.1, 29.1, 20.31]",10,8,1016.336,926.624,1015.668155,408,0.207235013,0.328708837,-0.458374952,0.569444444,1.013888889,1.527777778,4,11,12,0,3,244.25,2.6042,428.0611887,,,,0.9837932586669922,0.9837932586669922,ID
1729,-8.260000228881836,-6.757547378540039,-8.26,CCCCCN1CC(=O)N(C)[C@H](CC(C)C)C(=O)N[C@@H](CCCC)C(=O)N2CCC[C@@H]2C(=O)N(Cc2ccc3c(c2)OCO3)CC(=O)N[C@@H](Cc2ccccc2)C1=O,"['F', 'pentyl_Gly', 'Me_dL', 'Nle', 'dP', 'Mono1']","[1.016, 1.3073, 1.1616, 0.9635, 0.2795, 1.046]","[29.1, 20.31, 20.31, 29.1, 20.31, 38.77]",6,6,803.014,740.518,802.4629129,316,0.287677883,0.245647149,-0.453595475,0.775862069,1.517241379,2.24137931,2,8,13,2,5,157.9,4.0429,342.4844336,,,,1.5024528503417969,1.5024528503417969,ID
1105,-7.699999809265137,-6.003233909606934,-7.7,CC(C)C[C@@H]1NC(=O)[C@H](Cc2ccccc2)NC(=O)[C@H]([C@@H](C)O)NC(=O)CN(C)C(=O)[C@H]([C@@H](C)O)NC(=O)[C@H](Cc2ccc(O)cc2)NC1=O,"['Sar', 'T', 'F', 'L', 'Y', 'T']","[-0.2531, -0.1918, 1.016, 0.8194, 0.7216, -0.1918]","[20.31, 38.33, 29.1, 29.1, 49.33, 38.33]",6,6,696.802,648.418,696.3482771,272,0.167108431,0.247548444,-0.507966645,0.64,1.12,1.66,8,9,8,2,3,226.5,-1.1189,290.7373132,,,,1.6967658996582031,1.6967658996582031,OD
1083,-7.519999980926514,-6.206029891967773,-7.52,CC(C)C[C@@H]1NC(=O)[C@H](Cc2ccccc2)NC(=O)CNC(=O)[C@@H](C)NC(=O)[C@H](Cc2ccc(O)cc2)NC(=O)[C@@H]2CCCN2C1=O,"['dA', 'G', 'F', 'L', 'P', 'Y']","[-0.2068, -0.5953, 1.016, 0.8194, 0.2795, 0.7216]","[29.1, 29.1, 29.1, 29.1, 20.31, 49.33]",6,6,648.761,604.409,648.3271477,252,0.260140953,0.245339627,-0.507966645,0.744680851,1.340425532,2.0,6,7,6,2,4,186.04,0.3034,273.7780725,,,,1.3139700889587402,1.3139700889587402,OD
1100,-7.699999809265137,-6.315582752227783,-7.7,CC(C)C[C@@H]1NC(=O)[C@H](Cc2ccccc2)NC(=O)[C@H]([C@@H](C)O)NC(=O)CNC(=O)[C@H](C)NC(=O)[C@H](Cc2ccc(O)cc2)NC1=O,"['G', 'T', 'F', 'L', 'Y', 'A']","[-0.5953, -0.1918, 1.016, 0.8194, 0.7216, -0.2068]","[29.1, 38.33, 29.1, 29.1, 49.33, 29.1]",6,6,652.749,608.397,652.3220624,254,0.188684909,0.245428961,-0.507966645,0.659574468,1.170212766,1.744680851,8,8,7,2,3,215.06,-0.822,273.0032238,,,,1.3844170570373535,1.3844170570373535,OD
2999,-6.75,-5.691135406494141,-6.75,CC(C)C[C@H]1NC(=O)[C@@H](C)NC(=O)[C@H](Cc2ccccc2)NC(=O)[C@@H](CC(C)C)N(C)C(=O)[C@@H]2CCCN2C(=O)C[C@H](Cc2ccccc2)NC1=O,"['dA', 'dL', 'bHph', 'P', 'Me_dL', 'F']","[-0.2068, 0.8194, 1.4061, 0.2795, 1.1616, 1.016]","[29.1, 29.1, 29.1, 20.31, 20.31, 29.1]",6,6,716.924,660.476,716.4261335,282,0.329411005,0.245299658,-0.350730365,0.673076923,1.230769231,1.826923077,4,6,8,2,4,157.02,2.7448,307.3834629,,,,1.0588645935058594,1.0588645935058594,OD
1106,-8.0,-5.945533275604248,-8.0,CC(C)C[C@@H]1NC(=O)[C@H](Cc2ccccc2)NC(=O)[C@H]([C@@H](C)O)N(C)C(=O)CN(C)C(=O)[C@H]([C@@H](C)O)NC(=O)[C@H](Cc2ccc(O)cc2)NC1=O,"['Sar', 'meT', 'F', 'L', 'Y', 'T']","[-0.2531, -0.5037, 1.016, 0.8194, 0.7216, -0.1918]","[20.31, 40.54, 29.1, 29.1, 49.33, 38.33]",6,6,710.829,660.429,710.3639272,278,0.182701334,0.247548564,-0.507966645,0.666666667,1.156862745,1.68627451,7,9,8,2,3,217.71,-0.7767,297.3122268,,,,2.054466724395752,2.054466724395752,OD
4886,-7.460000038146973,-5.957350254058838,-7.46,CC(C)C[C@@H]1NC(=O)[C@H]2CCCN2C(=O)CN(Cc2ccccc2)C(=O)CN(Cc2ccccc2)C(=O)[C@@H](C)N(C)C(=O)[C@@H]2CCCN2C(=O)[C@H](Cc2ccccc2)NC1=O,"['P', 'Me_dA', 'Bn_Gly', 'Bn_Gly', 'dP', 'L', 'F']","[0.2795, 0.1354, 1.3173, 1.3173, 0.2795, 0.8194, 1.016]","[20.31, 20.31, 20.31, 20.31, 20.31, 29.1, 29.1]",7,7,834.031,774.559,833.4475972,324,0.353104375,0.245675664,-0.342504272,0.573770492,1.081967213,1.672131148,2,7,8,3,6,159.75,3.1449,358.1409668,,,,1.5026497840881348,1.5026497840881348,OD
2567,-4.96999979019165,-5.828800201416016,-4.97,CC(C)C[C@@H]1NC(=O)C[C@H](Cc2ccccc2)NC(=O)[C@H](Cc2ccccc2)NC(=O)[C@@H](CC(C)C)NC(=O)[C@H]2CCCN2C(=O)C[C@H](Cc2ccccc2)NC1=O,"['bHph', 'L', 'bHph', 'dP', 'dL', 'F']","[1.4061, 0.8194, 1.4061, 0.2795, 0.8194, 1.016]","[29.1, 29.1, 29.1, 20.31, 29.1, 29.1]",6,6,793.022,732.542,792.4574336,310,0.208294629,0.242955967,-0.350730375,0.517241379,0.948275862,1.465517241,5,6,10,3,5,165.81,4.0155,342.2305856,,,,-0.8588004112243652,0.8588004112243652,OD
1080,-7.699999809265137,-6.231358528137207,-7.7,CC(C)C[C@@H]1NC(=O)[C@@H](CC(C)C)NC(=O)[C@H](Cc2ccccc2)NC(=O)CNC(=O)[C@@H](C)NC(=O)[C@H](Cc2ccc(O)cc2)NC1=O,"['dA', 'G', 'F', 'dL', 'L', 'Y']","[-0.2068, -0.5953, 1.016, 0.8194, 0.8194, 0.7216]","[29.1, 29.1, 29.1, 29.1, 29.1, 49.33]",6,6,664.804,616.42,664.3584479,260,0.217251387,0.243073263,-0.507966645,0.583333333,1.020833333,1.541666667,7,7,8,2,3,194.83,0.8433,280.9388743,,,,1.4686412811279297,1.4686412811279297,OD
4377,-6.409999847412109,-5.532749176025391,-6.41,CC(C)C[C@H]1C(=O)N[C@@H](Cc2ccccc2)C(=O)N2CCC[C@@H]2C(=O)N(C)[C@H](C)C(=O)N(Cc2ccccc2)CC(=O)N(Cc2ccccc2)CC(=O)N2CCC[C@@H]2C(=O)N1C,"['dP', 'Me_dA', 'Bn_Gly', 'Bn_Gly', 'dP', 'meL', 'F']","[0.2795, 0.1354, 1.3173, 1.3173, 0.2795, 1.1616, 1.016]","[20.31, 20.31, 20.31, 20.31, 20.31, 20.31, 29.1]",7,7,848.058,786.57,847.4632473,330,0.364998551,0.245675665,-0.342180206,0.580645161,1.064516129,1.629032258,1,7,8,3,6,150.96,3.4871,364.7158804,,,,0.8772506713867188,0.8772506713867188,OD
3118,-6.789999961853027,-5.774111270904541,-6.79,C[C@@H]1NC(=O)[C@H](Cc2ccccc2)NC(=O)CN(Cc2ccccc2)C(=O)[C@H]2CCCN2C(=O)CN(Cc2ccccc2)C(=O)CN(Cc2ccccc2)C1=O,"['A', 'Bn_Gly', 'Bn_Gly', 'dP', 'Bn_Gly', 'F']","[-0.2068, 1.3173, 1.3173, 0.2795, 1.3173, 1.016]","[29.1, 20.31, 20.31, 20.31, 20.31, 29.1]",6,6,756.904,708.52,756.3635333,290,0.283192068,0.24564693,-0.342787793,0.535714286,1.0,1.535714286,2,6,8,4,6,139.44,3.3096,326.9980574,,,,1.0158886909484863,1.0158886909484863,OD
1082,-8.0,-6.113919258117676,-8.0,CC(C)C[C@@H]1NC(=O)[C@@H](Cc2ccccc2)NC(=O)CNC(=O)[C@@H](C)NC(=O)[C@H](Cc2ccc(O)cc2)NC(=O)[C@@H]2CCCN2C1=O,"['dA', 'G', 'dF', 'L', 'P', 'Y']","[-0.2068, -0.5953, 1.016, 0.8194, 0.2795, 0.7216]","[29.1, 29.1, 29.1, 29.1, 20.31, 49.33]",6,6,648.761,604.409,648.3271477,252,0.260140953,0.245339627,-0.507966645,0.744680851,1.340425532,2.0,6,7,6,2,4,186.04,0.3034,273.7780725,,,,1.8860807418823242,1.8860807418823242,OD
1092,-6.389999866485596,-5.396055221557617,-6.39,CC(C)C[C@@H]1NC(=O)[C@H](Cc2ccccc2)NC(=O)[C@@H](CC(C)C)N(C)C(=O)[C@H](CC(C)C)N(C)C(=O)[C@H](Cc2ccc(O)cc2)NC(=O)[C@@H]2CCCN2C1=O,"['meL', 'Me_dL', 'F', 'L', 'P', 'Y']","[1.1616, 1.1616, 1.016, 0.8194, 0.2795, 0.7216]","[20.31, 20.31, 29.1, 29.1, 20.31, 49.33]",6,6,775.004,712.508,774.4679983,306,0.287042606,0.245417271,-0.507966645,0.589285714,1.107142857,1.714285714,4,7,10,2,4,168.46,3.4287,331.4824945,,,,0.9939446449279785,0.9939446449279785,OD
1062,-6.539999961853027,-5.614806175231934,-6.54,CC(C)C[C@@H]1NC(=O)[C@H](CC(C)C)N(C)C(=O)[C@H](Cc2ccc(O)cc2)NC(=O)[C@@H]2CCCN2C(=O)[C@H]2CCCN2C(=O)[C@@H](CC(C)C)NC1=O,"['meL', 'L', 'dL', 'dP', 'P', 'Y']","[1.1616, 0.8194, 0.8194, 0.2795, 0.2795, 0.7216]","[20.31, 29.1, 29.1, 20.31, 20.31, 49.33]",6,6,710.917,652.453,710.4366982,282,0.321324192,0.245559486,-0.507966645,0.62745098,1.137254902,1.725490196,4,7,8,1,4,168.46,2.35,301.7845112,,,,0.9251937866210938,0.9251937866210938,OD
4383,-7.789999961853027,-6.025423526763916,-7.79,C[C@@H]1C(=O)N(Cc2ccccc2)CC(=O)N[C@@H](Cc2ccccc2)CC(=O)N2CCC[C@@H]2C(=O)N(Cc2ccccc2)CC(=O)N[C@@H](Cc2ccccc2)C(=O)N2CCC[C@@H]2C(=O)N1C,"['dP', 'Me_dA', 'Bn_Gly', 'bHph', 'dP', 'Bn_Gly', 'F']","[0.2795, 0.1354, 1.3173, 1.4061, 0.2795, 1.3173, 1.016]","[20.31, 20.31, 20.31, 29.1, 20.31, 20.31, 29.1]",7,7,882.075,822.603,881.4475972,340,0.273108991,0.245675462,-0.350975417,0.507692308,0.953846154,1.492307692,2,7,8,4,7,159.75,3.7316,380.4681768,,,,1.7645764350891113,1.7645764350891113,OD
1099,-8.0,-6.122472763061523,-8.0,CC[C@H](C)[C@@H]1NC(=O)[C@H](Cc2ccc(O)cc2)NC(=O)[C@H](Cc2ccccc2)NC(=O)CNC(=O)[C@H](C(C)C)NC(=O)CNC1=O,"['G', 'V', 'G', 'F', 'Y', 'I']","[-0.5953, 0.4293, -0.5953, 1.016, 0.7216, 0.8194]","[29.1, 29.1, 29.1, 29.1, 49.33, 29.1]",6,6,636.75,592.398,636.3271477,248,0.223282856,0.243083187,-0.507966645,0.630434783,1.130434783,1.695652174,7,7,7,2,3,194.83,0.0647,268.20899,,,,1.8775272369384766,1.8775272369384766,OD
4623,-6.940000057220459,-6.039803504943848,-6.94,CC(C)C[C@@H]1NC(=O)[C@H](C)NC(=O)[C@@H]2CCCN2C(=O)[C@H](Cc2ccccc2)NC(=O)CN(Cc2ccccc2)C(=O)[C@H]2CCCN2C(=O)CN(Cc2ccccc2)C1=O,"['P', 'A', 'L', 'Bn_Gly', 'dP', 'Bn_Gly', 'F']","[0.2795, -0.2068, 0.8194, 1.3173, 0.2795, 1.3173, 1.016]","[20.31, 29.1, 29.1, 20.31, 20.31, 20.31, 29.1]",7,7,820.004,762.548,819.4319472,318,0.314361038,0.245675342,-0.342800051,0.566666667,1.1,1.683333333,3,7,8,3,6,168.54,2.8027,351.5660532,,,,0.9001965522766113,0.9001965522766113,OD
3168,-4.809999942779541,-5.859241485595703,-4.81,CC(C)C[C@@H]1NC(=O)[C@@H](C)NC(=O)[C@H](Cc2ccccc2)NC(=O)[C@H](CC(C)C)N(C)C(=O)[C@H]2CCCN2C(=O)[C@H](CC(C)C)N(C)C1=O,"['dA', 'L', 'meL', 'dP', 'meL', 'F']","[-0.2068, 0.8194, 1.1616, 0.2795, 1.1616, 1.016]","[29.1, 29.1, 20.31, 20.31, 20.31, 29.1]",6,6,682.907,624.443,682.4417836,272,0.384082711,0.245555563,-0.342796072,0.653061224,1.204081633,1.795918367,3,6,8,1,3,148.23,2.5003,291.6311665,,,,-1.049241542816162,1.049241542816162,OD
1047,-6.960000038146973,-5.947999000549316,-6.96,CC(C)C[C@@H]1NC(=O)[C@@H](CC(C)C)NC(=O)[C@@H](CC(C)C)NC(=O)[C@@H](CC(C)C)NC(=O)[C@H](Cc2ccc(O)cc2)NC(=O)[C@@H]2CCCN2C1=O,"['dL', 'dL', 'dL', 'L', 'P', 'Y']","[0.8194, 0.8194, 0.8194, 0.8194, 0.2795, 0.7216]","[29.1, 29.1, 29.1, 29.1, 20.31, 49.33]",6,6,712.933,652.453,712.4523483,284,0.215270438,0.245339625,-0.507966645,0.568627451,0.941176471,1.37254902,6,7,10,1,3,186.04,2.5477,302.3703994,,,,1.0120010375976562,1.0120010375976562,OD
4442,-7.050000190734863,-5.467442989349365,-7.05,CCCN1CC(=O)N(C)[C@H](CC(C)C)C(=O)N(Cc2ccccc2)CC(=O)N2CCC[C@@H]2C(=O)N[C@@H](CC(C)C)C(=O)N[C@@H](Cc2ccccc2)C(=O)N2CCC[C@H]2C1=O,"['P', 'Pr_Gly', 'Me_dL', 'Bn_Gly', 'dP', 'L', 'F']","[0.2795, 0.5271, 1.1616, 1.3173, 0.2795, 0.8194, 1.016]","[20.31, 20.31, 20.31, 20.31, 20.31, 29.1, 29.1]",7,7,828.068,762.548,827.4945474,326,0.371848608,0.245675664,-0.342504272,0.616666667,1.183333333,1.8,2,7,10,2,5,159.75,3.3809,354.9085832,,,,1.582557201385498,1.582557201385498,OD
1046,-7.050000190734863,-5.9909987449646,-7.05,CC(C)C[C@@H]1NC(=O)[C@H](Cc2ccc(O)cc2)NC(=O)[C@@H]2CCCN2C(=O)[C@H]2CCCN2C(=O)[C@@H](CC(C)C)NC(=O)[C@H](CC(C)C)NC1=O,"['L', 'L', 'dL', 'dP', 'P', 'Y']","[0.8194, 0.8194, 0.8194, 0.2795, 0.2795, 0.7216]","[29.1, 29.1, 29.1, 20.31, 20.31, 49.33]",6,6,696.89,640.442,696.4210481,276,0.27617818,0.245559486,-0.507966645,0.58,1.0,1.52,5,7,8,1,4,177.25,2.0078,295.2095976,,,,1.0590014457702637,1.0590014457702637,OD
1079,-7.150000095367432,-6.287971496582031,-7.15,CC(C)C[C@H]1NC(=O)[C@H](Cc2ccccc2)NC(=O)CNC(=O)[C@@H](C)NC(=O)[C@H](Cc2ccc(O)cc2)NC(=O)[C@@H]2CCCN2C1=O,"['dA', 'G', 'F', 'dL', 'P', 'Y']","[-0.2068, -0.5953, 1.016, 0.8194, 0.2795, 0.7216]","[29.1, 29.1, 29.1, 29.1, 20.31, 49.33]",6,6,648.761,604.409,648.3271477,252,0.260140953,0.245339627,-0.507966645,0.744680851,1.340425532,2.0,6,7,6,2,4,186.04,0.3034,273.7780725,,,,0.8620285987854004,0.8620285987854004,OD
1078,-8.0,-6.124900341033936,-8.0,CC(C)C[C@@H]1NC(=O)[C@H](Cc2ccccc2)NC(=O)CNC(=O)[C@H](C)NC(=O)[C@H](Cc2ccc(O)cc2)NC(=O)[C@H]2CCCN2C1=O,"['A', 'G', 'F', 'L', 'dP', 'Y']","[-0.2068, -0.5953, 1.016, 0.8194, 0.2795, 0.7216]","[29.1, 29.1, 29.1, 29.1, 20.31, 49.33]",6,6,648.761,604.409,648.3271477,252,0.260140953,0.245339627,-0.507966645,0.744680851,1.340425532,2.0,6,7,6,2,4,186.04,0.3034,273.7780725,,,,1.8750996589660636,1.8750996589660636,OD
4451,-6.809999942779541,-5.902655601501465,-6.81,CCCN1CC(=O)N[C@@H](CC(C)C)C(=O)N[C@@H](Cc2ccccc2)CC(=O)N2CCC[C@@H]2C(=O)N[C@@H](CC(C)C)C(=O)N[C@@H](Cc2ccccc2)C(=O)N2CCC[C@H]2C1=O,"['P', 'Pr_Gly', 'L', 'bHph', 'dP', 'L', 'F']","[0.2795, 0.5271, 0.8194, 1.4061, 0.2795, 0.8194, 1.016]","[20.31, 20.31, 29.1, 29.1, 20.31, 29.1, 29.1]",7,7,828.068,762.548,827.4945474,326,0.28462279,0.245675664,-0.350730367,0.6,1.133333333,1.733333333,4,7,10,2,5,177.33,3.1275,354.4886402,,,,0.9073443412780762,0.9073443412780762,OD
1085,-6.800000190734863,-5.669586181640625,-6.8,CC(C)C[C@H]1C(=O)N2CCC[C@@H]2C(=O)N(C)[C@@H](Cc2ccc(O)cc2)C(=O)N[C@@H](C)C(=O)NCC(=O)N(C)[C@@H](Cc2ccccc2)C(=O)N1C,"['A', 'G', 'meF', 'meL', 'dP', 'meY']","[-0.2068, -0.5953, 1.3582, 1.1616, 0.2795, 1.0638]","[29.1, 29.1, 20.31, 20.31, 20.31, 40.54]",6,6,690.842,640.442,690.3740979,270,0.412619442,0.245631935,-0.507966645,0.74,1.34,1.98,3,7,6,2,4,159.67,1.33,293.5028133,,,,1.1304140090942383,1.1304140090942383,OD
1089,-6.849999904632568,-5.700697898864746,-6.85,CC(C)C[C@@H]1NC(=O)[C@@H](Cc2ccccc2)NC(=O)CN(C)C(=O)[C@@H](C)N(C)C(=O)[C@H](Cc2ccc(O)cc2)NC(=O)[C@@H]2CCCN2C1=O,"['Me_dA', 'Sar', 'dF', 'L', 'P', 'Y']","[0.1354, -0.2531, 1.016, 0.8194, 0.2795, 0.7216]","[20.31, 20.31, 29.1, 29.1, 20.31, 49.33]",6,6,676.815,628.431,676.3584479,264,0.353954304,0.245407205,-0.507966645,0.755102041,1.367346939,2.020408163,4,7,6,2,4,168.46,0.9878,286.9278997,,,,1.1493020057678223,1.1493020057678223,OD
1087,-6.03000020980835,-4.774707317352295,-6.03,CC(C)C[C@H]1C(=O)N[C@@H](Cc2ccc(O)cc2)C(=O)N(C)[C@H](C)C(=O)N(C)CC(=O)N[C@@H](Cc2ccccc2)C(=O)N(C)[C@H](CC(C)C)C(=O)N1C,"['Me_dA', 'Sar', 'F', 'Me_dL', 'meL', 'Y']","[0.1354, -0.2531, 1.016, 1.1616, 1.1616, 0.7216]","[20.31, 20.31, 29.1, 20.31, 20.31, 49.33]",6,6,720.912,664.464,720.4210481,284,0.377329729,0.245417068,-0.507966645,0.634615385,1.115384615,1.673076923,3,7,8,2,3,159.67,2.2121,307.2385287,,,,1.2552928924560547,1.2552928924560547,OD
2314,-6.099999904632568,-5.051438331604004,-6.1,CC[C@@H]1C(=O)N(C)[C@@H](CC(C)C)C(=O)N[C@@H](CC(C)C)C(=O)N2CCC[C@@H]2C(=O)N(C)[C@@H](CC2CCCCC2)C(=O)N[C@@H](CC(C)C)C(=O)N1C,"['L', 'Me_dAbu', 'meL', 'L', 'dP', 'Me_Cha']","[0.8194, 0.5255, 1.1616, 0.8194, 0.2795, 2.0859]","[29.1, 20.31, 20.31, 29.1, 20.31, 20.31]",6,6,717.009,648.465,716.5200339,290,0.370683991,0.245339747,-0.342496274,0.568627451,1.058823529,1.588235294,2,6,9,0,3,139.44,3.9603,306.6977496,,,,1.0485615730285645,1.0485615730285645,OD
1098,-7.400000095367432,-6.3712263107299805,-7.4,CC(C)C[C@@H]1NC(=O)[C@H](Cc2ccccc2)NC(=O)[C@H]([C@@H](C)O)NC(=O)CNC(=O)[C@H](C(C)C)NC(=O)[C@H](Cc2ccc(O)cc2)NC1=O,"['G', 'T', 'F', 'L', 'Y', 'V']","[-0.5953, -0.1918, 1.016, 0.8194, 0.7216, 0.4293]","[29.1, 38.33, 29.1, 29.1, 49.33, 29.1]",6,6,680.803,632.419,680.3533625,266,0.186714123,0.245428961,-0.507966645,0.612244898,1.12244898,1.673469388,8,8,8,2,3,215.06,-0.1859,285.733108,,,,1.0287737846374512,1.0287737846374512,OD
3188,-5.059999942779541,-6.28800106048584,-5.06,CC(C)C[C@@H]1NC(=O)[C@@H](C)NC(=O)[C@H](Cc2ccccc2)NC(=O)[C@@H](CC(C)C)NC(=O)[C@H]2CCCN2C(=O)C[C@H](Cc2ccccc2)NC1=O,"['dA', 'L', 'bHph', 'dP', 'dL', 'F']","[-0.2068, 0.8194, 1.4061, 0.2795, 0.8194, 1.016]","[29.1, 29.1, 29.1, 20.31, 29.1, 29.1]",6,6,702.897,648.465,702.4104834,276,0.283593301,0.243063415,-0.350730365,0.607843137,1.098039216,1.666666667,5,6,8,2,4,165.81,2.4026,300.8085493,,,,-1.2280011177062988,1.2280011177062988,OD
4802,-6.809999942779541,-5.867733478546143,-6.81,CC(C)C[C@H]1NC(=O)[C@@H]2CCCN2C(=O)C[C@H](Cc2ccccc2)NC(=O)CN(Cc2ccccc2)C(=O)[C@@H](C)N(C)C(=O)[C@@H]2CCCN2C(=O)[C@H](Cc2ccccc2)NC1=O,"['P', 'Me_dA', 'Bn_Gly', 'bHph', 'P', 'dL', 'F']","[0.2795, 0.1354, 1.3173, 1.4061, 0.2795, 0.8194, 1.016]","[20.31, 20.31, 20.31, 29.1, 20.31, 29.1, 29.1]",7,7,848.058,786.57,847.4632473,330,0.313081439,0.245675664,-0.350975417,0.612903226,1.161290323,1.774193548,3,7,8,3,6,168.54,3.2337,364.2959374,,,,0.9422664642333984,0.9422664642333984,OD
1096,-8.0,-6.229091644287109,-8.0,CC(C)C[C@@H]1NC(=O)CNC(=O)[C@@H]2CCCN2C(=O)[C@H](Cc2ccc(O)cc2)NC(=O)[C@H](Cc2ccccc2)NC(=O)[C@@H]2CCCN2C1=O,"['P', 'F', 'Y', 'P', 'G', 'L']","[0.2795, 1.016, 0.7216, 0.2795, -0.5953, 0.8194]","[20.31, 29.1, 49.33, 20.31, 29.1, 29.1]",6,6,674.799,628.431,674.3427978,262,0.300913699,0.245675544,-0.507966645,0.673469388,1.224489796,1.857142857,5,7,6,2,5,177.25,0.7897,285.712097,,,,1.7709083557128906,1.7709083557128906,OD
1081,-8.0,-6.299648761749268,-8.0,CC(C)C[C@H]1NC(=O)[C@@H](Cc2ccccc2)NC(=O)CNC(=O)[C@H](C)NC(=O)[C@H](Cc2ccc(O)cc2)NC(=O)[C@@H]2CCCN2C1=O,"['A', 'G', 'dF', 'dL', 'P', 'Y']","[-0.2068, -0.5953, 1.016, 0.8194, 0.2795, 0.7216]","[29.1, 29.1, 29.1, 29.1, 20.31, 49.33]",6,6,648.761,604.409,648.3271477,252,0.260140953,0.245339627,-0.507966645,0.744680851,1.340425532,2.0,6,7,6,2,4,186.04,0.3034,273.7780725,,,,1.7003512382507324,1.7003512382507324,OD
1060,-7.0,-4.939308166503906,-7.0,CC(C)C[C@@H]1NC(=O)[C@@H](CC(C)C)N(C)C(=O)[C@@H](CC(C)C)N(C)C(=O)[C@H](Cc2ccc(O)cc2)NC(=O)[C@@H]2CCCN2C(=O)[C@@H](CC(C)C)N(C)C1=O,"['Me_dL', 'Me_dL', 'L', 'Me_dL', 'P', 'Y']","[1.1616, 1.1616, 0.8194, 1.1616, 0.2795, 0.7216]","[20.31, 20.31, 29.1, 20.31, 20.31, 49.33]",6,6,755.014,688.486,754.4992985,302,0.329549016,0.245555442,-0.507966645,0.592592593,1.037037037,1.555555556,3,7,10,1,3,159.67,3.5743,322.0951402,,,,2.0606918334960938,2.0606918334960938,OD
1067,-5.480000019073486,-6.77056884765625,-5.48,CC(C)C[C@@H]1NC(=O)[C@H](Cc2cc3ccccc3[nH]2)NC(=O)[C@@H]2CCCN2C(=O)[C@@H](CC(C)C)NC(=O)[C@@H](CC(C)C)NC(=O)[C@@H](CC(C)C)NC1=O,"['L', 'dL', 'dL', 'dL', 'P', 'Ala(indol-2-yl)']","[0.8194, 0.8194, 0.8194, 0.8194, 0.2795, 1.4973]","[29.1, 29.1, 29.1, 29.1, 20.31, 44.89]",6,6,735.971,674.483,735.4683327,292,0.217813258,0.245339625,-0.358312614,0.58490566,1.018867925,1.509433962,6,6,10,2,4,181.6,3.3234,313.4669906,,,,-1.2905688285827637,1.2905688285827637,OD
1091,-7.0,-5.36149263381958,-7.0,CC(C)C[C@@H]1NC(=O)[C@H](Cc2ccccc2)NC(=O)CN(C)C(=O)[C@H](CC(C)C)N(C)C(=O)[C@H](Cc2ccc(O)cc2)NC(=O)[C@@H]2CCCN2C1=O,"['meL', 'Sar', 'F', 'L', 'P', 'Y']","[1.1616, -0.2531, 1.016, 0.8194, 0.2795, 0.7216]","[20.31, 20.31, 29.1, 29.1, 20.31, 49.33]",6,6,718.896,664.464,718.4053981,282,0.324005354,0.24541727,-0.507966645,0.692307692,1.288461538,1.923076923,4,7,8,2,4,168.46,2.014,306.022726,,,,1.63850736618042,1.63850736618042,OD
3978,-7.239999771118164,-5.67990779876709,-7.24,CC(C)C[C@@H]1NC(=O)[C@H]2CCCN2C(=O)C[C@H](Cc2ccccc2)NC(=O)CN(Cc2ccccc2)C(=O)[C@@H](C)NC(=O)[C@H]2CCCN2C(=O)[C@H](Cc2ccccc2)NC1=O,"['dP', 'dA', 'Bn_Gly', 'bHph', 'dP', 'L', 'F']","[0.2795, -0.2068, 1.3173, 1.4061, 0.2795, 0.8194, 1.016]","[20.31, 29.1, 20.31, 29.1, 20.31, 29.1, 29.1]",7,7,834.031,774.559,833.4475972,324,0.26992809,0.245675543,-0.350975417,0.590163934,1.114754098,1.721311475,4,7,8,3,6,177.33,2.8915,357.7210238,,,,1.5600919723510742,1.5600919723510742,OD
3057,-6.139999866485596,-5.27049446105957,-6.14,CC(C)C[C@H]1C(=O)N[C@H](CC(C)C)C(=O)N2CCC[C@@H]2C(=O)N(C)[C@H](CC(C)C)C(=O)N[C@@H](Cc2ccccc2)C(=O)N[C@@H](C)C(=O)N1C,"['A', 'meL', 'dL', 'dP', 'Me_dL', 'F']","[-0.2068, 1.1616, 0.8194, 0.2795, 1.1616, 1.016]","[29.1, 20.31, 29.1, 20.31, 20.31, 29.1]",6,6,682.907,624.443,682.4417836,272,0.384082711,0.245339747,-0.342788038,0.653061224,1.163265306,1.693877551,3,6,8,1,3,148.23,2.5003,291.6311665,,,,0.8695054054260254,0.8695054054260254,OD
1102,-7.699999809265137,-6.017058372497559,-7.7,CC(C)C[C@@H]1NC(=O)[C@H](Cc2ccccc2)NC(=O)[C@H]([C@@H](C)O)NC(=O)CNC(=O)[C@H]([C@@H](C)O)NC(=O)[C@H](Cc2ccc(O)cc2)NC1=O,"['G', 'T', 'F', 'L', 'Y', 'T']","[-0.5953, -0.1918, 1.016, 0.8194, 0.7216, -0.1918]","[29.1, 38.33, 29.1, 29.1, 49.33, 38.33]",6,6,682.775,636.407,682.3326271,266,0.158041931,0.245428961,-0.507966645,0.591836735,1.06122449,1.612244898,9,9,8,2,3,235.29,-1.4611,284.1623996,,,,1.6829414367675781,1.6829414367675781,OD
1088,-7.519999980926514,-5.824217796325684,-7.52,CC(C)C[C@H]1NC(=O)[C@@H](Cc2ccccc2)NC(=O)CN(C)C(=O)[C@H](C)N(C)C(=O)[C@H](Cc2ccc(O)cc2)NC(=O)[C@@H]2CCCN2C1=O,"['meA', 'Sar', 'dF', 'dL', 'P', 'Y']","[0.1354, -0.2531, 1.016, 0.8194, 0.2795, 0.7216]","[20.31, 20.31, 29.1, 29.1, 20.31, 49.33]",6,6,676.815,628.431,676.3584479,264,0.353954304,0.245407205,-0.507966645,0.755102041,1.367346939,2.020408163,4,7,6,2,4,168.46,0.9878,286.9278997,,,,1.69578218460083,1.69578218460083,OD
3139,-5.199999809265137,-6.053624153137207,-5.2,CC(C)C[C@@H]1NC(=O)[C@@H](C)NC(=O)[C@H](Cc2ccccc2)NC(=O)[C@@H](CC(C)C)N(C)C(=O)[C@H]2CCCN2C(=O)[C@H](CC(C)C)NC1=O,"['dA', 'L', 'L', 'dP', 'Me_dL', 'F']","[-0.2068, 0.8194, 0.8194, 0.2795, 1.1616, 1.016]","[29.1, 29.1, 29.1, 20.31, 20.31, 29.1]",6,6,668.88,612.432,668.4261335,266,0.332769099,0.245339746,-0.342796072,0.666666667,1.208333333,1.8125,4,6,8,1,3,157.02,2.1581,285.0562529,,,,-0.8536243438720703,0.8536243438720703,OD
1101,-8.0,-6.21460485458374,-8.0,CC(C)C[C@@H]1NC(=O)CNC(=O)[C@H](Cc2ccccc2)NC(=O)[C@H](CC(N)=O)NC(=O)[C@H](Cc2ccc(O)cc2)NC(=O)[C@H](C)NC1=O,"['A', 'Y', 'N', 'F', 'G', 'L']","[-0.2068, 0.7216, -1.3513, 1.016, -0.5953, 0.8194]","[29.1, 49.33, 72.19, 29.1, 29.1, 29.1]",6,6,665.748,622.404,665.3173113,258,0.167773727,0.243275449,-0.507966645,0.708333333,1.229166667,1.833333333,8,8,8,2,3,237.92,-1.3274,277.7104028,,,,1.7853951454162598,1.7853951454162598,OD
2316,-7.019999980926514,-5.321619987487793,-7.02,CC(C)C[C@@H]1NC(=O)[C@H](CC2CCCCC2)N(C)C(=O)[C@H]2CCCN2C(=O)[C@H](CC(C)C)NC(=O)[C@H](CC(C)C)N(C)C(=O)[C@@H](CC(C)C)N(C)C1=O,"['L', 'Me_dL', 'meL', 'L', 'dP', 'Me_Cha']","[0.8194, 1.1616, 1.1616, 0.8194, 0.2795, 2.0859]","[29.1, 20.31, 20.31, 29.1, 20.31, 20.31]",6,6,745.063,672.487,744.551334,302,0.335658436,0.245339747,-0.342496274,0.509433962,0.962264151,1.490566038,2,6,10,0,3,139.44,4.5964,319.4276338,,,,1.6983799934387207,1.6983799934387207,OD
3979,-6.940000057220459,-5.702643394470215,-6.94,CC(C)C[C@H]1C(=O)N(Cc2ccccc2)CC(=O)N2CCC[C@@H]2C(=O)N(Cc2ccccc2)CC(=O)N[C@@H](Cc2ccccc2)C(=O)N2CCC[C@@H]2C(=O)N[C@H](C)C(=O)N1C,"['dP', 'dA', 'meL', 'Bn_Gly', 'dP', 'Bn_Gly', 'F']","[0.2795, -0.2068, 1.1616, 1.3173, 0.2795, 1.3173, 1.016]","[20.31, 29.1, 20.31, 20.31, 20.31, 20.31, 29.1]",7,7,834.031,774.559,833.4475972,324,0.353104375,0.245675342,-0.342792017,0.606557377,1.131147541,1.704918033,2,7,8,3,6,159.75,3.1449,358.1409668,,,,1.2373566627502441,1.2373566627502441,OD
1086,-7.150000095367432,-5.61512565612793,-7.15,CC(C)C[C@@H]1C(=O)N2CCC[C@H]2C(=O)N[C@@H](Cc2ccc(O)cc2)C(=O)N(C)[C@H](C)C(=O)N(C)CC(=O)N[C@@H](Cc2ccccc2)C(=O)N1C,"['Me_dA', 'Sar', 'F', 'Me_dL', 'P', 'Y']","[0.1354, -0.2531, 1.016, 1.1616, 0.2795, 0.7216]","[20.31, 20.31, 29.1, 20.31, 20.31, 49.33]",6,6,690.842,640.442,690.3740979,270,0.412619442,0.245555444,-0.507966645,0.76,1.34,1.96,3,7,6,2,4,159.67,1.33,293.5028133,,,,1.534874439239502,1.534874439239502,OD
3084,-5.039999961853027,-6.263514518737793,-5.04,CC(C)C[C@H]1NC(=O)[C@H](C)NC(=O)[C@H](Cc2ccccc2)NC(=O)[C@@H](CC(C)C)NC(=O)[C@H]2CCCN2C(=O)C[C@H](Cc2ccccc2)NC1=O,"['A', 'dL', 'bHph', 'dP', 'dL', 'F']","[-0.2068, 0.8194, 1.4061, 0.2795, 0.8194, 1.016]","[29.1, 29.1, 29.1, 20.31, 29.1, 29.1]",6,6,702.897,648.465,702.4104834,276,0.283593301,0.243063415,-0.350730365,0.607843137,1.098039216,1.666666667,5,6,8,2,4,165.81,2.4026,300.8085493,,,,-1.2235145568847656,1.2235145568847656,OD
1094,-8.0,-6.215274810791016,-8.0,C[C@@H]1NC(=O)[C@H](C)N(C)C(=O)[C@H](C)NC(=O)[C@H](C)N(C)C(=O)[C@H](C)NC(=O)[C@@H](C)NC1=O,"['dA', 'A', 'meA', 'A', 'meA', 'A']","[-0.2068, -0.2068, 0.1354, -0.2068, 0.1354, -0.2068]","[29.1, 29.1, 20.31, 29.1, 20.31, 29.1]",6,6,454.528,420.256,454.2539828,180,0.32276337,0.244773808,-0.342816103,0.46875,0.71875,1.0625,4,6,0,0,1,157.02,-2.2874,187.3555687,,,,1.7847251892089844,1.7847251892089844,OD
4452,-6.460000038146973,-5.43553352355957,-6.46,CCCN1CC(=O)N(C)[C@@H](CC(C)C)C(=O)N(Cc2ccccc2)CC(=O)N2CCC[C@@H]2C(=O)N[C@@H](CC(C)C)C(=O)N[C@@H](Cc2ccccc2)C(=O)N2CCC[C@H]2C1=O,"['P', 'Pr_Gly', 'meL', 'Bn_Gly', 'dP', 'L', 'F']","[0.2795, 0.5271, 1.1616, 1.3173, 0.2795, 0.8194, 1.016]","[20.31, 20.31, 20.31, 20.31, 20.31, 29.1, 29.1]",7,7,828.068,762.548,827.4945474,326,0.371848608,0.245675664,-0.342504272,0.616666667,1.183333333,1.8,2,7,10,2,5,159.75,3.3809,354.9085832,,,,1.0244665145874023,1.0244665145874023,OD
2363,-6.340000152587891,-4.600008964538574,-6.34,CC(C)C[C@@H]1NC(=O)[C@H](CC(C)C)N(C)C(=O)[C@@H](CC(C)C)N(C)C(=O)[C@H](CC(C)C)NC(=O)[C@H](Cc2ccccc2)N(C)C(=O)[C@@H](C)N(C)C1=O,"['L', 'Me_dL', 'meL', 'L', 'Me_dA', 'meF']","[0.8194, 1.1616, 1.1616, 0.8194, 0.1354, 1.3582]","[29.1, 20.31, 20.31, 29.1, 20.31, 20.31]",6,6,727.004,660.476,726.5043838,292,0.377147639,0.245297048,-0.342496278,0.5,0.884615385,1.346153846,2,6,10,1,2,139.44,3.7246,311.9417955,,,,1.7399911880493164,1.7399911880493164,OD
3080,-5.840000152587891,-4.912001609802246,-5.84,CC(C)C[C@H]1C(=O)N(C)[C@H](CC(C)C)C(=O)N2CCC[C@@H]2C(=O)N(C)[C@H](CC(C)C)C(=O)N[C@@H](Cc2ccccc2)C(=O)N[C@@H](C)C(=O)N1C,"['A', 'meL', 'Me_dL', 'dP', 'Me_dL', 'F']","[-0.2068, 1.1616, 1.1616, 0.2795, 1.1616, 1.016]","[29.1, 20.31, 20.31, 20.31, 20.31, 29.1]",6,6,696.934,636.454,696.4574336,278,0.428942001,0.245555564,-0.342788038,0.64,1.14,1.7,2,6,8,1,3,139.44,2.8425,298.2060801,,,,0.9279985427856445,0.9279985427856445,OD
6552,-6.610000133514404,-5.984385013580322,-6.61,CC(=O)N1CCC[C@H]1C(=O)N(C)[C@H](CC(C)C)C(=O)N[C@@H]1C(=O)N[C@@H](CC(C)C)C(=O)N[C@H](CC(C)C)C(=O)N(C)[C@H](CC(C)C)C(=O)N(C)[C@H](C)C(=O)N[C@@H](CC(C)C)C(=O)N2CCC[C@@H]2C(=O)O[C@@H]1C,"['ac-', 'P', 'Me_dL', 'T', 'L', 'dL', 'Me_dL', 'Me_dA', 'L', 'dP']","[0.2052, 0.2795, 1.1616, -0.1918, 0.8194, 0.8194, 1.1616, 0.1354, 0.8194, 0.2795]","[17.07, 20.31, 20.31, 38.33, 29.1, 29.1, 20.31, 20.31, 29.1, 20.31]",10,7,1016.336,926.624,1015.668155,408,0.184452588,0.328708836,-0.458375098,0.652777778,1.166666667,1.708333333,4,11,14,0,3,244.25,2.6042,428.0611887,,,,0.625615119934082,0.625615119934082,Cliff_ratio
4485,-5.769999980926514,-6.871275424957275,-5.77,CC(C)C[C@H]1NC(=O)[C@@H](C)NC(=O)[C@@H]2CCCN2C(=O)[C@H](Cc2ccccc2)NC(=O)[C@@H](CC(C)C)N(C)C(=O)[C@@H]2CCCN2C(=O)[C@@H](CC(C)C)NC1=O,"['P', 'dA', 'dL', 'dL', 'P', 'Me_dL', 'F']","[0.2795, -0.2068, 0.8194, 0.8194, 0.2795, 1.1616, 1.016]","[20.31, 29.1, 29.1, 29.1, 20.31, 20.31, 29.1]",7,7,765.997,702.493,765.4788974,304,0.3135853,0.245675544,-0.342800051,0.581818182,1.090909091,1.690909091,4,7,8,1,4,177.33,2.1491,325.7964881,,,,-1.1012754440307617,1.1012754440307617,Cliff_ratio
4187,-5.300000190734863,-6.57550573348999,-5.3,CC(C)C[C@H]1NC(=O)[C@H](C)N(C)C(=O)[C@H]2CCCN2C(=O)[C@H](Cc2ccccc2)NC(=O)[C@@H](CC(C)C)N(C)C(=O)[C@H]2CCCN2C(=O)[C@@H](CC(C)C)NC1=O,"['dP', 'meA', 'dL', 'dL', 'dP', 'Me_dL', 'F']","[0.2795, 0.1354, 0.8194, 0.8194, 0.2795, 1.1616, 1.016]","[20.31, 20.31, 29.1, 29.1, 20.31, 20.31, 29.1]",7,7,780.024,714.504,779.4945474,310,0.364593432,0.245675665,-0.342513904,0.571428571,1.035714286,1.571428571,3,7,8,1,4,168.54,2.4913,332.3714017,,,,-1.275505542755127,1.275505542755127,Cliff_ratio
4116,-5.789999961853027,-6.802818775177002,-5.79,CC(C)C[C@H]1C(=O)N(C)[C@H](CC(C)C)C(=O)N2CCC[C@H]2C(=O)N[C@H](CC(C)C)C(=O)N[C@@H](Cc2ccccc2)C(=O)N2CCC[C@@H]2C(=O)N(C)[C@H](C)C(=O)N1C,"['dP', 'Me_dA', 'meL', 'Me_dL', 'P', 'dL', 'F']","[0.2795, 0.1354, 1.1616, 1.1616, 0.2795, 0.8194, 1.016]","[20.31, 20.31, 20.31, 20.31, 20.31, 29.1, 29.1]",7,7,794.051,726.515,793.5101975,316,0.409836501,0.245675664,-0.342504271,0.561403509,1.052631579,1.614035088,2,7,8,1,4,159.75,2.8335,338.9463153,,,,-1.0128188133239746,1.0128188133239746,Cliff_ratio
6160,-9.0,-5.90365743637085,-9.0,CC(=O)N1CCC[C@@H]1C(=O)N(C)[C@H](CC(C)C)C(=O)N[C@@H]1C(=O)N[C@H](CC(C)C)C(=O)N(C)[C@H](CC(C)C)C(=O)N(C)[C@@H](CC(C)C)C(=O)N[C@@H](C)C(=O)N[C@H](CC(C)C)C(=O)N2CCC[C@H]2C(=O)O[C@@H]1C,"['ac-', 'dP', 'Me_dL', 'T', 'dL', 'Me_dL', 'meL', 'A', 'dL', 'P']","[0.2052, 0.2795, 1.1616, -0.1918, 0.8194, 1.1616, 1.1616, -0.2068, 0.8194, 0.2795]","[17.07, 20.31, 20.31, 38.33, 29.1, 20.31, 20.31, 29.1, 29.1, 20.31]",10,7,1016.336,926.624,1015.668155,408,0.184452588,0.328708836,-0.458375098,0.652777778,1.166666667,1.708333333,4,11,14,0,3,244.25,2.6042,428.0611887,,,,3.0963425636291504,3.0963425636291504,Cliff_ratio
5767,-6.840000152587891,-7.46362829208374,-6.84,CC(=O)N1CCC[C@H]1C(=O)N(C)[C@@H](CC(C)C)C(=O)N[C@@H]1C(=O)N[C@@H](CC(C)C)C(=O)N[C@@H](CC(C)C)C(=O)N[C@H](CC(C)C)C(=O)N(C)[C@H](C)C(=O)N[C@H](CC(C)C)C(=O)N2CCC[C@@H]2C(=O)O[C@@H]1C,"['ac-', 'P', 'meL', 'T', 'L', 'L', 'dL', 'Me_dA', 'dL', 'dP']","[0.2052, 0.2795, 1.1616, -0.1918, 0.8194, 0.8194, 0.8194, 0.1354, 0.8194, 0.2795]","[17.07, 20.31, 20.31, 38.33, 29.1, 29.1, 29.1, 20.31, 29.1, 20.31]",10,7,1002.309,914.613,1001.652505,402,0.157962213,0.328708836,-0.458375098,0.647887324,1.112676056,1.61971831,5,11,14,0,3,253.04,2.262,421.4862751,,,,-0.6236281394958496,0.6236281394958496,Cliff_ratio
2697,-6.019999980926514,-5.344394207000732,-6.02,CCCN1CC(=O)N[C@H](CC(C)C)C(=O)N[C@H](CC(C)C)C(=O)N2CCC[C@@H]2C(=O)N(C)[C@H](CC(C)C)C(=O)N[C@@H](Cc2ccccc2)C1=O,"['Pr_Gly', 'dL', 'dL', 'dP', 'Me_dL', 'F']","[0.5271, 0.8194, 0.8194, 0.2795, 1.1616, 1.016]","[20.31, 29.1, 29.1, 20.31, 20.31, 29.1]",6,6,696.934,636.454,696.4574336,278,0.342960076,0.24546108,-0.342755981,0.72,1.32,1.92,3,6,10,1,3,148.23,2.892,297.9961086,,,,0.6756057739257812,0.6756057739257812,Cliff_ratio
5765,-8.699999809265137,-7.979199886322021,-8.7,CC(=O)N1CCC[C@H]1C(=O)N(C)[C@@H](CC(C)C)C(=O)N[C@@H]1C(=O)N[C@@H](CC(C)C)C(=O)N[C@@H](CC(C)C)C(=O)N[C@H](CC(C)C)C(=O)N[C@@H](C)C(=O)N[C@H](CC(C)C)C(=O)N2CCC[C@@H]2C(=O)O[C@@H]1C,"['ac-', 'P', 'meL', 'T', 'L', 'L', 'dL', 'A', 'dL', 'dP']","[0.2052, 0.2795, 1.1616, -0.1918, 0.8194, 0.8194, 0.8194, -0.2068, 0.8194, 0.2795]","[17.07, 20.31, 20.31, 38.33, 29.1, 29.1, 29.1, 29.1, 29.1, 20.31]",10,7,988.282,902.602,987.6368545,396,0.1371037,0.328708836,-0.458375098,0.628571429,1.085714286,1.571428571,6,11,14,0,3,261.83,1.9198,414.9113615,,,,0.7207999229431161,0.7207999229431161,Cliff_ratio
3253,-4.0,-4.792438983917236,-4.0,CC(C)C[C@@H]1NC(=O)[C@@H](CC(C)C)N(C)C(=O)[C@H](C)N(C)C(=O)[C@H](Cc2ccccc2)NC(=O)[C@@H](CC(C)C)N(C)C(=O)[C@@H]2CCCN2C1=O,"['meA', 'Me_dL', 'L', 'P', 'Me_dL', 'F']","[0.1354, 1.1616, 0.8194, 0.2795, 1.1616, 1.016]","[20.31, 20.31, 29.1, 20.31, 20.31, 29.1]",6,6,696.934,636.454,696.4574336,278,0.428942001,0.245407206,-0.342496078,0.64,1.14,1.66,2,6,8,1,3,139.44,2.8425,298.2060801,,,,-0.7924389839172363,0.7924389839172363,Cliff_ratio
3321,-6.119999885559082,-5.252201557159424,-6.12,CC(C)C[C@@H]1NC(=O)[C@@H](C)N(C)C(=O)[C@H](Cc2ccccc2)NC(=O)[C@@H](CC(C)C)NC(=O)[C@@H]2CCCN2C(=O)[C@@H](CC(C)C)NC1=O,"['Me_dA', 'L', 'dL', 'P', 'dL', 'F']","[0.1354, 0.8194, 0.8194, 0.2795, 0.8194, 1.016]","[20.31, 29.1, 29.1, 20.31, 29.1, 29.1]",6,6,668.88,612.432,668.4261335,266,0.332769099,0.245407084,-0.342513904,0.645833333,1.125,1.666666667,4,6,8,1,3,157.02,2.1581,285.0562529,,,,0.8677983283996582,0.8677983283996582,Cliff_ratio
4201,-5.0,-5.780216693878174,-5.0,CC(C)C[C@@H]1NC(=O)[C@@H](CC(C)C)NC(=O)[C@H](C)N(C)C(=O)[C@H]2CCCN2C(=O)[C@H](Cc2ccccc2)NC(=O)[C@H](CC(C)C)N(C)C(=O)[C@H]2CCCN2C1=O,"['dP', 'meA', 'dL', 'L', 'dP', 'meL', 'F']","[0.2795, 0.1354, 0.8194, 0.8194, 0.2795, 1.1616, 1.016]","[20.31, 20.31, 29.1, 29.1, 20.31, 20.31, 29.1]",7,7,780.024,714.504,779.4945474,310,0.364593432,0.245675665,-0.342513904,0.571428571,1.035714286,1.571428571,3,7,8,1,4,168.54,2.4913,332.3714017,,,,-0.7802166938781738,0.7802166938781738,Cliff_ratio
2780,-5.849999904632568,-4.949720859527588,-5.85,CCCN1CC(=O)N(C)[C@@H](CC(C)C)C(=O)N[C@H](CC(C)C)C(=O)N2CCC[C@H]2C(=O)N[C@@H](CC(C)C)C(=O)N[C@@H](Cc2ccccc2)C1=O,"['Pr_Gly', 'meL', 'dL', 'P', 'L', 'F']","[0.5271, 1.1616, 0.8194, 0.2795, 0.8194, 1.016]","[20.31, 20.31, 29.1, 20.31, 29.1, 29.1]",6,6,696.934,636.454,696.4574336,278,0.342960076,0.245461198,-0.342504271,0.72,1.3,1.9,3,6,10,1,3,148.23,2.892,297.9961086,,,,0.9002790451049805,0.9002790451049805,Cliff_ratio
2599,-4.840000152587891,-5.6435394287109375,-4.84,CC(C)C[C@@H]1NC(=O)C[C@H](Cc2ccccc2)NC(=O)[C@H](Cc2ccccc2)NC(=O)[C@H](CC(C)C)NC(=O)[C@@H]2CCCN2C(=O)[C@@H](CC(C)C)NC1=O,"['bHph', 'L', 'dL', 'P', 'L', 'F']","[1.4061, 0.8194, 0.8194, 0.2795, 0.8194, 1.016]","[29.1, 29.1, 29.1, 20.31, 29.1, 29.1]",6,6,744.978,684.498,744.4574336,294,0.250278872,0.245339625,-0.350720049,0.555555556,1.018518519,1.574074074,5,6,10,2,4,165.81,3.4288,319.9033756,,,,-0.8035392761230469,0.8035392761230469,Cliff_ratio
3565,-6.21999979019165,-5.401059627532959,-6.22,CC(C)C[C@H]1NC(=O)[C@@H](C)N(C)C(=O)[C@H](Cc2ccccc2)NC(=O)CN(Cc2ccccc2)C(=O)[C@H]2CCCN2C(=O)CN(Cc2ccccc2)C1=O,"['Me_dA', 'dL', 'Bn_Gly', 'dP', 'Bn_Gly', 'F']","[0.1354, 0.8194, 1.3173, 0.2795, 1.3173, 1.016]","[20.31, 29.1, 20.31, 20.31, 20.31, 29.1]",6,6,736.914,684.498,736.3948334,286,0.364700403,0.24564693,-0.342505615,0.666666667,1.203703704,1.759259259,2,6,8,3,5,139.44,3.1539,317.4007316,,,,0.8189401626586914,0.8189401626586914,Cliff_ratio
3343,-5.400000095367432,-6.065754890441895,-5.4,CC(C)C[C@@H]1NC(=O)[C@@H](C)N(C)C(=O)[C@H](Cc2ccccc2)NC(=O)[C@H](CC(C)C)N(C)C(=O)[C@@H]2CCCN2C(=O)[C@H](CC(C)C)NC1=O,"['Me_dA', 'L', 'L', 'P', 'meL', 'F']","[0.1354, 0.8194, 0.8194, 0.2795, 1.1616, 1.016]","[20.31, 29.1, 29.1, 20.31, 20.31, 29.1]",6,6,682.907,624.443,682.4417836,272,0.384082711,0.245407085,-0.342513904,0.653061224,1.204081633,1.795918367,3,6,8,1,3,148.23,2.5003,291.6311665,,,,-0.6657547950744638,0.6657547950744638,Cliff_ratio
6667,-6.920000076293945,-7.720152854919434,-6.92,CC(=O)N1CCC[C@@H]1C(=O)N(C)[C@H](CC(C)C)C(=O)N[C@@H]1C(=O)N[C@H](CC(C)C)C(=O)N[C@H](CC(C)C)C(=O)N[C@H](CC(C)C)C(=O)N[C@@H](C)C(=O)N[C@@H](CC(C)C)C(=O)N2CCC[C@@H]2C(=O)O[C@@H]1C,"['ac-', 'dP', 'Me_dL', 'T', 'dL', 'dL', 'dL', 'A', 'L', 'dP']","[0.2052, 0.2795, 1.1616, -0.1918, 0.8194, 0.8194, 0.8194, -0.2068, 0.8194, 0.2795]","[17.07, 20.31, 20.31, 38.33, 29.1, 29.1, 29.1, 29.1, 29.1, 20.31]",10,7,988.282,902.602,987.6368545,396,0.1371037,0.328708836,-0.458375098,0.628571429,1.085714286,1.571428571,6,11,14,0,3,261.83,1.9198,414.9113615,,,,-0.8001527786254883,0.8001527786254883,Cliff_ratio
4193,-5.179999828338623,-5.952134609222412,-5.18,CC(C)C[C@@H]1NC(=O)[C@@H](CC(C)C)NC(=O)[C@H](C)N(C)C(=O)[C@H]2CCCN2C(=O)[C@H](Cc2ccccc2)NC(=O)[C@@H](CC(C)C)N(C)C(=O)[C@H]2CCCN2C1=O,"['dP', 'meA', 'dL', 'L', 'dP', 'Me_dL', 'F']","[0.2795, 0.1354, 0.8194, 0.8194, 0.2795, 1.1616, 1.016]","[20.31, 20.31, 29.1, 29.1, 20.31, 20.31, 29.1]",7,7,780.024,714.504,779.4945474,310,0.364593432,0.245675665,-0.342513904,0.571428571,1.035714286,1.571428571,3,7,8,1,4,168.54,2.4913,332.3714017,,,,-0.7721347808837891,0.7721347808837891,Cliff_ratio
4162,-5.550000190734863,-6.186657905578613,-5.55,CC(C)C[C@H]1NC(=O)[C@@H]2CCCN2C(=O)C[C@H](Cc2ccccc2)NC(=O)[C@@H](CC(C)C)N(C)C(=O)[C@@H](C)N(C)C(=O)[C@H]2CCCN2C(=O)[C@H](Cc2ccccc2)NC1=O,"['dP', 'Me_dA', 'Me_dL', 'bHph', 'P', 'dL', 'F']","[0.2795, 0.1354, 1.1616, 1.4061, 0.2795, 0.8194, 1.016]","[20.31, 20.31, 20.31, 29.1, 20.31, 29.1, 29.1]",7,7,828.068,762.548,827.4945474,326,0.367874367,0.245675664,-0.35072394,0.583333333,1.133333333,1.733333333,3,7,8,2,5,168.54,3.078,354.6986117,,,,-0.63665771484375,0.63665771484375,Cliff_ratio
5461,-6.739999771118164,-6.105686664581299,-6.74,CC(C)C[C@@H]1NC(=O)[C@H](C)NC(=O)[C@@H]2CCCN2C(=O)[C@H](Cc2ccccc2)NC(=O)[C@H](CC(C)C)N(C)C(=O)[C@@H]2CCCN2C(=O)[C@@H](CC(C)C)N(C)C1=O,"['P', 'A', 'L', 'Me_dL', 'P', 'meL', 'F']","[0.2795, -0.2068, 0.8194, 1.1616, 0.2795, 1.1616, 1.016]","[20.31, 29.1, 29.1, 20.31, 20.31, 20.31, 29.1]",7,7,780.024,714.504,779.4945474,310,0.364593432,0.245675544,-0.342800051,0.571428571,1.089285714,1.678571429,3,7,8,1,4,168.54,2.4913,332.3714017,,,,0.6343131065368652,0.6343131065368652,Cliff_ratio
1820,-8.270000457763672,-5.548660755157471,-8.27,CCCC[C@@H]1NC(=O)[C@@H](CC(C)C)NC(=O)CN(CC2CCCCC2)C(=O)[C@@H](Cc2ccccc2)NC(=O)CN(Cc2ccc3c(c2)OCO3)C(=O)[C@H]2CCCN2C1=O,"['dF', 'cHexCH2_Gly', 'dL', 'Nle', 'dP', 'Mono1']","[1.016, 1.6974, 0.8194, 0.9635, 0.2795, 1.046]","[29.1, 20.31, 29.1, 29.1, 20.31, 38.77]",6,6,815.025,752.529,814.4629129,320,0.30536671,0.245647149,-0.453595475,0.711864407,1.423728814,2.152542373,3,8,11,2,6,166.69,4.0908,347.6335731,,,,2.721339702606201,2.721339702606201,Cliff_ratio
5435,-5.289999961853027,-6.445653438568115,-5.29,CC(C)C[C@H]1NC(=O)[C@H](C)NC(=O)[C@@H]2CCCN2C(=O)[C@H](Cc2ccccc2)NC(=O)[C@@H](CC(C)C)N(C)C(=O)[C@@H]2CCCN2C(=O)[C@@H](CC(C)C)NC1=O,"['P', 'A', 'dL', 'dL', 'P', 'Me_dL', 'F']","[0.2795, -0.2068, 0.8194, 0.8194, 0.2795, 1.1616, 1.016]","[20.31, 29.1, 29.1, 29.1, 20.31, 20.31, 29.1]",7,7,765.997,702.493,765.4788974,304,0.3135853,0.245675544,-0.342800051,0.581818182,1.090909091,1.690909091,4,7,8,1,4,177.33,2.1491,325.7964881,,,,-1.155653476715088,1.155653476715088,Cliff_ratio
5456,-5.059999942779541,-5.7635369300842285,-5.06,CC(C)C[C@H]1C(=O)N[C@H](CC(C)C)C(=O)N2CCC[C@H]2C(=O)N(C)[C@H](CC(C)C)C(=O)N[C@@H](Cc2ccccc2)C(=O)N2CCC[C@H]2C(=O)N[C@@H](C)C(=O)N1C,"['P', 'A', 'meL', 'dL', 'P', 'Me_dL', 'F']","[0.2795, -0.2068, 1.1616, 0.8194, 0.2795, 1.1616, 1.016]","[20.31, 29.1, 20.31, 29.1, 20.31, 20.31, 29.1]",7,7,780.024,714.504,779.4945474,310,0.364593432,0.245675544,-0.342792017,0.571428571,1.035714286,1.571428571,3,7,8,1,4,168.54,2.4913,332.3714017,,,,-0.7035369873046875,0.7035369873046875,Cliff_ratio
1770,-8.0,-7.35210657119751,-8.0,CCCC[C@@H]1NC(=O)[C@@H](CC(C)C)NC(=O)CN(CC2CCOCC2)C(=O)[C@@H](C)NC(=O)CN(CC)C(=O)[C@@H]2CCCN2C1=O,"['dA', 'Mono38', 'dL', 'Nle', 'P', 'Et_Gly']","[-0.2068, 0.5437, 0.8194, 0.9635, 0.2795, 0.137]","[29.1, 29.54, 29.1, 29.1, 20.31, 20.31]",6,6,634.819,580.387,634.4053981,254,0.356617686,0.24533557,-0.381428301,0.822222222,1.488888889,2.133333333,3,7,8,0,3,157.46,0.8053,267.0467285,,,,0.6478934288024902,0.6478934288024902,Cliff_ratio
4863,-6.860000133514404,-6.056030750274658,-6.86,CC(C)C[C@@H]1NC(=O)[C@H]2CCCN2C(=O)CN(Cc2ccccc2)C(=O)[C@@H](CC(C)C)N(C)C(=O)[C@@H](C)N(C)C(=O)[C@@H]2CCCN2C(=O)[C@H](Cc2ccccc2)NC1=O,"['P', 'Me_dA', 'Me_dL', 'Bn_Gly', 'dP', 'L', 'F']","[0.2795, 0.1354, 1.1616, 1.3173, 0.2795, 0.8194, 1.016]","[20.31, 20.31, 20.31, 20.31, 20.31, 29.1, 29.1]",7,7,814.041,750.537,813.4788974,320,0.414938484,0.245675664,-0.342504272,0.610169492,1.169491525,1.779661017,2,7,8,2,5,159.75,2.9892,348.5436411,,,,0.8039693832397461,0.8039693832397461,Cliff_ratio
6036,-9.0,-5.053320407867432,-9.0,CC(=O)N1CCC[C@H]1C(=O)N(C)[C@H](CC(C)C)C(=O)N[C@@H]1C(=O)N(C)[C@H](CC(C)C)C(=O)N(C)[C@H](CC(C)C)C(=O)N(C)[C@H](CC(C)C)C(=O)N[C@@H](C)C(=O)N[C@H](CC(C)C)C(=O)N2CCC[C@H]2C(=O)O[C@@H]1C,"['ac-', 'P', 'Me_dL', 'T', 'Me_dL', 'Me_dL', 'Me_dL', 'A', 'dL', 'P']","[0.2052, 0.2795, 1.1616, -0.1918, 1.1616, 1.1616, 1.1616, -0.2068, 0.8194, 0.2795]","[17.07, 20.31, 20.31, 38.33, 20.31, 20.31, 20.31, 29.1, 29.1, 20.31]",10,7,1030.363,938.635,1029.683805,414,0.214139105,0.328708837,-0.458374952,0.643835616,1.136986301,1.643835616,3,11,14,0,3,235.46,2.9464,434.6361023,,,,3.9466795921325684,3.9466795921325684,Cliff_ratio
4255,-5.010000228881836,-5.673192501068115,-5.01,CC(C)C[C@@H]1NC(=O)[C@H](C)N(C)C(=O)[C@H]2CCCN2C(=O)[C@H](Cc2ccccc2)NC(=O)CN(Cc2ccccc2)C(=O)[C@H]2CCCN2C(=O)[C@H](CC(C)C)N(C)C1=O,"['dP', 'meA', 'L', 'meL', 'dP', 'Bn_Gly', 'F']","[0.2795, 0.1354, 0.8194, 1.1616, 0.2795, 1.3173, 1.016]","[20.31, 20.31, 29.1, 20.31, 20.31, 20.31, 29.1]",7,7,814.041,750.537,813.4788974,320,0.414938484,0.245675462,-0.342505861,0.610169492,1.152542373,1.728813559,2,7,8,2,5,159.75,2.9892,348.5436411,,,,-0.6631922721862793,0.6631922721862793,Cliff_ratio
3721,-6.96999979019165,-6.173792362213135,-6.97,CC(C)C[C@H]1NC(=O)[C@@H]2CCCN2C(=O)C[C@H](Cc2ccccc2)NC(=O)CN(Cc2ccccc2)C(=O)[C@H](C)NC(=O)[C@H]2CCCN2C(=O)[C@H](Cc2ccccc2)NC1=O,"['dP', 'A', 'Bn_Gly', 'bHph', 'P', 'dL', 'F']","[0.2795, -0.2068, 1.3173, 1.4061, 0.2795, 0.8194, 1.016]","[20.31, 29.1, 20.31, 29.1, 20.31, 29.1, 29.1]",7,7,834.031,774.559,833.4475972,324,0.26992809,0.245675543,-0.350975417,0.590163934,1.114754098,1.721311475,4,7,8,3,6,177.33,2.8915,357.7210238,,,,0.7962074279785156,0.7962074279785156,Cliff_ratio
4587,-6.300000190734863,-5.323055744171143,-6.3,CC(C)C[C@@H]1NC(=O)[C@@H](CC(C)C)N(C)C(=O)[C@H](C)NC(=O)[C@@H]2CCCN2C(=O)[C@H](Cc2ccccc2)NC(=O)[C@H](CC(C)C)N(C)C(=O)[C@H]2CCCN2C1=O,"['P', 'A', 'Me_dL', 'L', 'dP', 'meL', 'F']","[0.2795, -0.2068, 1.1616, 0.8194, 0.2795, 1.1616, 1.016]","[20.31, 29.1, 20.31, 29.1, 20.31, 20.31, 29.1]",7,7,780.024,714.504,779.4945474,310,0.364593432,0.245675544,-0.342792017,0.571428571,1.035714286,1.571428571,3,7,8,1,4,168.54,2.4913,332.3714017,,,,0.9769444465637207,0.9769444465637207,Cliff_ratio
6769,-7.320000171661377,-6.626058101654053,-7.32,CC(=O)N1CCC[C@H]1C(=O)N[C@@H]1C(=O)N(C)[C@H](CC(C)C)C(=O)N[C@@H](CC(C)C)C(=O)N[C@@H](CC(C)C)C(=O)N[C@@H](CC(C)C)C(=O)N[C@H](C)C(=O)N[C@@H](CC(C)C)C(=O)N2CCC[C@@H]2C(=O)O[C@@H]1C,"['ac-', 'P', 'T', 'Me_dL', 'L', 'L', 'L', 'dA', 'L', 'dP']","[0.2052, 0.2795, -0.1918, 1.1616, 0.8194, 0.8194, 0.8194, -0.2068, 0.8194, 0.2795]","[17.07, 20.31, 38.33, 20.31, 29.1, 29.1, 29.1, 29.1, 29.1, 20.31]",10,8,988.282,902.602,987.6368545,396,0.154037887,0.328708837,-0.458374952,0.585714286,1.028571429,1.514285714,6,11,12,0,3,261.83,1.9198,414.9113615,,,,0.6939420700073242,0.6939420700073242,Cliff_ratio
5433,-7.260000228881836,-6.612619876861572,-7.26,CC(C)C[C@@H]1NC(=O)[C@H](C)NC(=O)[C@@H]2CCCN2C(=O)[C@H](Cc2ccccc2)NC(=O)[C@H](CC(C)C)NC(=O)[C@@H]2CCCN2C(=O)[C@H](CC(C)C)NC1=O,"['P', 'A', 'L', 'L', 'P', 'L', 'F']","[0.2795, -0.2068, 0.8194, 0.8194, 0.2795, 0.8194, 1.016]","[20.31, 29.1, 29.1, 29.1, 20.31, 29.1, 29.1]",7,7,751.97,690.482,751.4632473,298,0.268210792,0.245675543,-0.342800051,0.537037037,0.944444444,1.444444444,5,7,8,1,4,186.12,1.8069,319.2215745,,,,0.6473803520202637,0.6473803520202637,Cliff_ratio
6212,-6.130000114440918,-6.793610095977783,-6.13,CC(=O)N1CCC[C@@H]1C(=O)N(C)[C@H](CC(C)C)C(=O)N[C@@H]1C(=O)N[C@H](CC(C)C)C(=O)N[C@@H](CC(C)C)C(=O)N[C@H](CC(C)C)C(=O)N(C)[C@H](C)C(=O)N[C@H](CC(C)C)C(=O)N2CCC[C@@H]2C(=O)O[C@@H]1C,"['ac-', 'dP', 'Me_dL', 'T', 'dL', 'L', 'dL', 'Me_dA', 'dL', 'dP']","[0.2052, 0.2795, 1.1616, -0.1918, 0.8194, 0.8194, 0.8194, 0.1354, 0.8194, 0.2795]","[17.07, 20.31, 20.31, 38.33, 29.1, 29.1, 29.1, 20.31, 29.1, 20.31]",10,7,1002.309,914.613,1001.652505,402,0.157962213,0.328708836,-0.458375098,0.647887324,1.112676056,1.61971831,5,11,14,0,3,253.04,2.262,421.4862751,,,,-0.6636099815368652,0.6636099815368652,Cliff_ratio
3031,-5.239999771118164,-6.274096012115479,-5.24,CC(C)C[C@@H]1NC(=O)[C@H]2CCCN2C(=O)[C@H](CC(C)C)NC(=O)[C@@H](CC(C)C)NC(=O)[C@H](C)NC(=O)[C@H](Cc2ccccc2)NC1=O,"['A', 'dL', 'L', 'dP', 'L', 'F']","[-0.2068, 0.8194, 0.8194, 0.2795, 0.8194, 1.016]","[29.1, 29.1, 29.1, 20.31, 29.1, 29.1]",6,6,654.853,600.421,654.4104834,260,0.286943675,0.245339625,-0.342796072,0.617021277,1.085106383,1.638297872,5,6,8,1,3,165.81,1.8159,278.4813393,,,,-1.0340962409973153,1.0340962409973153,Cliff_ratio
6034,-5.630000114440918,-5.01435136795044,-5.63,CC(=O)N1CCC[C@H]1C(=O)N(C)[C@H](CC(C)C)C(=O)N[C@@H]1C(=O)N(C)[C@H](CC(C)C)C(=O)N(C)[C@H](CC(C)C)C(=O)N(C)[C@@H](CC(C)C)C(=O)N(C)[C@@H](C)C(=O)N[C@H](CC(C)C)C(=O)N2CCC[C@H]2C(=O)O[C@@H]1C,"['ac-', 'P', 'Me_dL', 'T', 'Me_dL', 'Me_dL', 'meL', 'meA', 'dL', 'P']","[0.2052, 0.2795, 1.1616, -0.1918, 1.1616, 1.1616, 1.1616, 0.1354, 0.8194, 0.2795]","[17.07, 20.31, 20.31, 38.33, 20.31, 20.31, 20.31, 20.31, 29.1, 20.31]",10,7,1044.39,950.646,1043.699455,420,0.240233346,0.328708837,-0.458374952,0.635135135,1.094594595,1.554054054,2,11,14,0,3,226.67,3.2886,441.2110159,,,,0.6156487464904776,0.6156487464904776,Cliff_ratio
6194,-8.699999809265137,-7.622331619262695,-8.7,CC(=O)N1CCC[C@@H]1C(=O)N(C)[C@H](CC(C)C)C(=O)N[C@@H]1C(=O)N[C@@H](CC(C)C)C(=O)N[C@@H](CC(C)C)C(=O)N[C@H](CC(C)C)C(=O)N[C@@H](C)C(=O)N[C@H](CC(C)C)C(=O)N2CCC[C@@H]2C(=O)O[C@@H]1C,"['ac-', 'dP', 'Me_dL', 'T', 'L', 'L', 'dL', 'A', 'dL', 'dP']","[0.2052, 0.2795, 1.1616, -0.1918, 0.8194, 0.8194, 0.8194, -0.2068, 0.8194, 0.2795]","[17.07, 20.31, 20.31, 38.33, 29.1, 29.1, 29.1, 29.1, 29.1, 20.31]",10,7,988.282,902.602,987.6368545,396,0.1371037,0.328708836,-0.458375098,0.628571429,1.085714286,1.571428571,6,11,14,0,3,261.83,1.9198,414.9113615,,,,1.0776681900024414,1.0776681900024414,Cliff_ratio
4739,-5.260000228881836,-6.124299049377441,-5.26,CC(C)C[C@H]1NC(=O)[C@@H](C)N(C)C(=O)[C@@H]2CCCN2C(=O)[C@H](Cc2ccccc2)NC(=O)[C@@H](CC(C)C)N(C)C(=O)[C@@H]2CCCN2C(=O)[C@@H](CC(C)C)N(C)C1=O,"['P', 'Me_dA', 'dL', 'Me_dL', 'P', 'Me_dL', 'F']","[0.2795, 0.1354, 0.8194, 1.1616, 0.2795, 1.1616, 1.016]","[20.31, 20.31, 29.1, 20.31, 20.31, 20.31, 29.1]",7,7,794.051,726.515,793.5101975,316,0.409836501,0.245675665,-0.342505861,0.561403509,1.035087719,1.578947368,2,7,8,1,4,159.75,2.8335,338.9463153,,,,-0.8642988204956055,0.8642988204956055,Cliff_ratio
6165,-5.96999979019165,-7.294610500335693,-5.97,CC(=O)N1CCC[C@@H]1C(=O)N(C)[C@H](CC(C)C)C(=O)N[C@@H]1C(=O)N(C)[C@@H](CC(C)C)C(=O)N[C@@H](CC(C)C)C(=O)N[C@@H](CC(C)C)C(=O)N(C)[C@@H](C)C(=O)N[C@H](CC(C)C)C(=O)N2CCC[C@H]2C(=O)O[C@@H]1C,"['ac-', 'dP', 'Me_dL', 'T', 'meL', 'L', 'L', 'meA', 'dL', 'P']","[0.2052, 0.2795, 1.1616, -0.1918, 1.1616, 0.8194, 0.8194, 0.1354, 0.8194, 0.2795]","[17.07, 20.31, 20.31, 38.33, 20.31, 29.1, 29.1, 20.31, 29.1, 20.31]",10,7,1016.336,926.624,1015.668155,408,0.184452588,0.328708837,-0.458374952,0.652777778,1.166666667,1.708333333,4,11,14,0,3,244.25,2.6042,428.0611887,,,,-1.324610710144043,1.324610710144043,Cliff_ratio
1167,-6.579999923706055,-7.391427040100098,-6.58,CCCC[C@@H]1NC(=O)[C@H](CC(C)C)N(C)C(=O)CN(CC2CCCCC2)C(=O)[C@H](Cc2ccc3ccccc3c2)NC(=O)CN(CC)C(=O)[C@H]2CCCN2C1=O,"['Nal', 'cHexCH2_Gly', 'meL', 'Nle', 'dP', 'Et_Gly']","[2.1692, 1.6974, 1.1616, 0.9635, 0.2795, 0.137]","[29.1, 20.31, 20.31, 29.1, 20.31, 20.31]",6,6,773.032,708.52,772.4887338,306,0.360071265,0.245470845,-0.342506689,0.767857143,1.5,2.196428571,2,6,10,2,5,139.44,4.6772,332.6117977,,,,-0.811427116394043,0.811427116394043,Cliff_ratio
2989,-6.860000133514404,-6.212806224822998,-6.86,CC(C)C[C@@H]1NC(=O)[C@@H](C)NC(=O)[C@H](Cc2ccccc2)NC(=O)[C@@H](CC(C)C)NC(=O)[C@@H]2CCCN2C(=O)C[C@H](Cc2ccccc2)NC1=O,"['dA', 'L', 'bHph', 'P', 'dL', 'F']","[-0.2068, 0.8194, 1.4061, 0.2795, 0.8194, 1.016]","[29.1, 29.1, 29.1, 20.31, 29.1, 29.1]",6,6,702.897,648.465,702.4104834,276,0.283593301,0.243063415,-0.350730365,0.607843137,1.098039216,1.666666667,5,6,8,2,4,165.81,2.4026,300.8085493,,,,0.6471939086914062,0.6471939086914062,Cliff_ratio
4837,-5.210000038146973,-6.102238178253174,-5.21,CC(C)C[C@H]1C(=O)N(C)[C@H](CC(C)C)C(=O)N2CCC[C@@H]2C(=O)N[C@H](CC(C)C)C(=O)N[C@@H](Cc2ccccc2)C(=O)N2CCC[C@H]2C(=O)N(C)[C@H](C)C(=O)N1C,"['P', 'Me_dA', 'meL', 'Me_dL', 'dP', 'dL', 'F']","[0.2795, 0.1354, 1.1616, 1.1616, 0.2795, 0.8194, 1.016]","[20.31, 20.31, 20.31, 20.31, 20.31, 29.1, 29.1]",7,7,794.051,726.515,793.5101975,316,0.409836501,0.245675664,-0.342504271,0.561403509,1.052631579,1.614035088,2,7,8,1,4,159.75,2.8335,338.9463153,,,,-0.8922381401062012,0.8922381401062012,Cliff_ratio
1304,-8.199999809265137,-7.498824119567871,-8.2,CCCC[C@@H]1NC(=O)[C@H](CC(C)C)N(C)C(=O)CN(CCCc2cnn(C)c2)C(=O)[C@H](C)NC(=O)CN(CCN2CCOCC2)C(=O)[C@H]2CCCN2C1=O,"['A', 'Mono40', 'meL', 'Nle', 'dP', 'Mono42']","[-0.2068, 0.4834, 1.1616, 0.9635, 0.2795, -0.5507]","[29.1, 38.13, 20.31, 29.1, 20.31, 32.78]",6,6,757.978,694.474,757.4850454,302,0.306737581,0.245390315,-0.378792718,0.888888889,1.611111111,2.277777778,2,10,12,1,4,169.73,0.3995,319.7756877,,,,0.7011756896972656,0.7011756896972656,Cliff_ratio
3067,-5.110000133514404,-5.788877964019775,-5.11,CC(C)C[C@@H]1NC(=O)[C@H](C)NC(=O)[C@H](Cc2ccccc2)NC(=O)[C@H](CC(C)C)N(C)C(=O)[C@H]2CCCN2C(=O)[C@@H](CC(C)C)N(C)C1=O,"['A', 'L', 'Me_dL', 'dP', 'meL', 'F']","[-0.2068, 0.8194, 1.1616, 0.2795, 1.1616, 1.016]","[29.1, 29.1, 20.31, 20.31, 20.31, 29.1]",6,6,682.907,624.443,682.4417836,272,0.384082711,0.245555563,-0.342796072,0.653061224,1.204081633,1.795918367,3,6,8,1,3,148.23,2.5003,291.6311665,,,,-0.6788778305053711,0.6788778305053711,Cliff_ratio
6234,-6.170000076293945,-6.835507869720459,-6.17,CC(=O)N1CCC[C@@H]1C(=O)N(C)[C@H](CC(C)C)C(=O)N[C@@H]1C(=O)N(C)[C@@H](CC(C)C)C(=O)N[C@H](CC(C)C)C(=O)N[C@H](CC(C)C)C(=O)N(C)[C@H](C)C(=O)N[C@H](CC(C)C)C(=O)N2CCC[C@@H]2C(=O)O[C@@H]1C,"['ac-', 'dP', 'Me_dL', 'T', 'meL', 'dL', 'dL', 'Me_dA', 'dL', 'dP']","[0.2052, 0.2795, 1.1616, -0.1918, 1.1616, 0.8194, 0.8194, 0.1354, 0.8194, 0.2795]","[17.07, 20.31, 20.31, 38.33, 20.31, 29.1, 29.1, 20.31, 29.1, 20.31]",10,7,1016.336,926.624,1015.668155,408,0.184452588,0.328708837,-0.458374952,0.652777778,1.166666667,1.708333333,4,11,14,0,3,244.25,2.6042,428.0611887,,,,-0.6655077934265137,0.6655077934265137,Cliff_ratio
6899,-6.650000095367432,-6.039809703826904,-6.65,CC(=O)N1CCC[C@H]1C(=O)N[C@@H]1C(=O)N[C@H](CC(C)C)C(=O)N[C@H](CC(C)C)C(=O)N[C@H](CC(C)C)C(=O)N[C@@H](CC(C)C)C(=O)N[C@@H](C)C(=O)N[C@@H](CC(C)C)C(=O)N2CCC[C@@H]2C(=O)O[C@@H]1C,"['ac-', 'P', 'T', 'dL', 'dL', 'dL', 'L', 'A', 'L', 'dP']","[0.2052, 0.2795, -0.1918, 0.8194, 0.8194, 0.8194, 0.8194, -0.2068, 0.8194, 0.2795]","[17.07, 20.31, 38.33, 29.1, 29.1, 29.1, 29.1, 29.1, 29.1, 20.31]",10,8,974.255,890.591,973.6212045,390,0.138091203,0.328708836,-0.458375098,0.550724638,0.942028986,1.376811594,7,11,12,0,3,270.62,1.5776,408.3364479,,,,0.6101903915405273,0.6101903915405273,Cliff_ratio
3897,-5.829999923706055,-6.881058216094971,-5.83,CC(C)C[C@H]1NC(=O)[C@@H](C)NC(=O)[C@H]2CCCN2C(=O)[C@H](Cc2ccccc2)NC(=O)[C@@H](CC(C)C)N(C)C(=O)[C@H]2CCCN2C(=O)[C@@H](CC(C)C)NC1=O,"['dP', 'dA', 'dL', 'dL', 'dP', 'Me_dL', 'F']","[0.2795, -0.2068, 0.8194, 0.8194, 0.2795, 1.1616, 1.016]","[20.31, 29.1, 29.1, 29.1, 20.31, 20.31, 29.1]",7,7,765.997,702.493,765.4788974,304,0.3135853,0.245675544,-0.342800051,0.581818182,1.090909091,1.690909091,4,7,8,1,4,177.33,2.1491,325.7964881,,,,-1.051058292388916,1.051058292388916,Cliff_ratio
1756,-7.420000076293945,-6.784290790557861,-7.42,CCCC[C@@H]1NC(=O)[C@@H](CC(C)C)N(C)C(=O)CN(CC2CCOCC2)C(=O)[C@@H](C)NC(=O)CN(CCCOC(C)C)C(=O)[C@@H]2CCCN2C1=O,"['dA', 'Mono38', 'Me_dL', 'Nle', 'P', 'Mono34']","[-0.2068, 0.5437, 1.1616, 0.9635, 0.2795, 0.9322]","[29.1, 29.54, 20.31, 29.1, 20.31, 29.54]",6,6,720.953,656.441,720.478563,290,0.289944587,0.245346553,-0.381428301,0.882352941,1.588235294,2.235294118,2,8,12,0,3,157.9,1.9427,304.1949558,,,,0.635709285736084,0.635709285736084,Cliff_ratio
6736,-6.0,-6.616837978363037,-6.0,CC(=O)N1CCC[C@H]1C(=O)N(C)[C@@H](CC(C)C)C(=O)N[C@@H]1C(=O)N(C)[C@@H](CC(C)C)C(=O)N[C@@H](CC(C)C)C(=O)N(C)[C@@H](CC(C)C)C(=O)N(C)[C@H](C)C(=O)N[C@H](CC(C)C)C(=O)N2CCC[C@H]2C(=O)O[C@@H]1C,"['ac-', 'P', 'meL', 'T', 'meL', 'L', 'meL', 'Me_dA', 'dL', 'P']","[0.2052, 0.2795, 1.1616, -0.1918, 1.1616, 0.8194, 1.1616, 0.1354, 0.8194, 0.2795]","[17.07, 20.31, 20.31, 38.33, 20.31, 29.1, 20.31, 20.31, 29.1, 20.31]",10,7,1030.363,938.635,1029.683805,414,0.214139105,0.328708837,-0.458374952,0.643835616,1.150684932,1.684931507,3,11,14,0,3,235.46,2.9464,434.6361023,,,,-0.6168379783630371,0.6168379783630371,Cliff_ratio
7032,-5.340000152587891,-6.15476655960083,-5.34,CC(=O)N[C@@H]1C(=O)N2CCC[C@H]2C(=O)N(C)[C@H](CC(C)C)C(=O)N[C@H](CC(C)C)C(=O)N(C)[C@H](CC(C)C)C(=O)N[C@H](CC(C)C)C(=O)N(C)[C@@H](C)C(=O)N[C@@H](CC(C)C)C(=O)N2CCC[C@@H]2C(=O)O[C@@H]1C,"['ac-', 'T', 'P', 'Me_dL', 'dL', 'Me_dL', 'dL', 'meA', 'L', 'dP']","[0.2052, -0.1918, 0.2795, 1.1616, 0.8194, 1.1616, 0.8194, 0.1354, 0.8194, 0.2795]","[17.07, 38.33, 20.31, 20.31, 29.1, 20.31, 29.1, 20.31, 29.1, 20.31]",10,9,1016.336,926.624,1015.668155,408,0.21939781,0.328708837,-0.458374961,0.527777778,0.902777778,1.333333333,4,11,11,0,3,244.25,2.6042,428.0611887,,,,-0.8147664070129395,0.8147664070129395,Cliff_ratio
3247,-6.070000171661377,-5.069086074829102,-6.07,CC(C)C[C@H]1C(=O)N2CCC[C@H]2C(=O)N[C@H](CC(C)C)C(=O)N[C@@H](Cc2ccccc2)C(=O)N(C)[C@@H](C)C(=O)N(C)[C@H](CC(C)C)C(=O)N1C,"['meA', 'Me_dL', 'meL', 'P', 'dL', 'F']","[0.1354, 1.1616, 1.1616, 0.2795, 0.8194, 1.016]","[20.31, 20.31, 20.31, 20.31, 29.1, 29.1]",6,6,696.934,636.454,696.4574336,278,0.428942001,0.245555443,-0.342504271,0.64,1.16,1.72,2,6,8,1,3,139.44,2.8425,298.2060801,,,,1.0009140968322754,1.0009140968322754,Cliff_ratio
2848,-6.309999942779541,-5.625710964202881,-6.31,CC(C)C[C@@H]1NC(=O)[C@@H]2CCCN2C(=O)[C@@H](CC(C)C)N(C)C(=O)[C@@H](CC(C)C)NC(=O)[C@H](C)NC(=O)[C@H](Cc2ccccc2)NC1=O,"['A', 'dL', 'Me_dL', 'P', 'L', 'F']","[-0.2068, 0.8194, 1.1616, 0.2795, 0.8194, 1.016]","[29.1, 29.1, 20.31, 20.31, 29.1, 29.1]",6,6,668.88,612.432,668.4261335,266,0.332769099,0.245555442,-0.342796072,0.666666667,1.208333333,1.8125,4,6,8,1,3,157.02,2.1581,285.0562529,,,,0.6842889785766602,0.6842889785766602,Cliff_ratio
5934,-6.389999866485596,-5.43988847732544,-6.39,CC(=O)N1CCC[C@@H]1C(=O)N(C)[C@@H](CC(C)C)C(=O)N[C@@H]1C(=O)N[C@@H](CC(C)C)C(=O)N[C@@H](CC(C)C)C(=O)N(C)[C@H](CC(C)C)C(=O)N[C@@H](C)C(=O)N[C@H](CC(C)C)C(=O)N2CCC[C@@H]2C(=O)O[C@@H]1C,"['ac-', 'dP', 'meL', 'T', 'L', 'L', 'Me_dL', 'A', 'dL', 'dP']","[0.2052, 0.2795, 1.1616, -0.1918, 0.8194, 0.8194, 1.1616, -0.2068, 0.8194, 0.2795]","[17.07, 20.31, 20.31, 38.33, 29.1, 29.1, 20.31, 29.1, 29.1, 20.31]",10,7,1002.309,914.613,1001.652505,402,0.157962213,0.328708836,-0.458375098,0.661971831,1.183098592,1.732394366,5,11,14,0,3,253.04,2.262,421.4862751,,,,0.9501113891601554,0.9501113891601554,Cliff_ratio
