Residue,Total_Count,File_Count
A01,136,136
A02,40,40
A03,40,40
A04,136,136
A05,40,40
A06,40,40
A07,40,40
A08,136,136
A09,40,40
A10,40,40
A11,40,40
A12,136,136
A13,40,40
A14,136,136
A15,136,136
A16,40,40
A17,40,40
A18,40,40
A19,40,40
A20,40,40
ABU,7,6
ACE,1396,1396
ALA,1719,1714
ARG,3,1
ASN,1,1
BHF,955,860
CHA,24,16
GLY,15,14
ILE,5,3
LEU,7806,4059
LYS,3,3
MAB,12,10
MAL,1994,1985
MCH,10,10
MGL,9,9
MLE,7249,4179
MNV,2,2
MPH,20,20
MTH,1,1
MTR,2,2
MTY,19,19
NAL,100,100
NBZ,1390,1200
NLE,688,688
NPR,463,463
NVA,2,2
PHE,3249,3241
PRO,8469,5148
THR,9,7
TNH,1396,1396
TRP,16,13
TYR,47,47
VAL,6,6
